i1,i2,i3,j1,j2,j3,k1,ku,nvr,pack_c,X,time,peak,backend
300,10,1,320,320,64,2,2,4,0,[300; 10; 1; 320; 320; 64; 2; 2; 4; 0],0.0747732175514102,0.2445489827041611,tvm
1500,300,20,256,32,16,8,4,1,1,[1500; 300; 20; 256; 32; 16; 8; 4; 1; 1],0.10707770218141377,0.17077051443197916,tvm
10,5,5,1280,640,64,64,4,4,0,[10; 5; 5; 1280; 640; 64; 64; 4; 4; 0],0.05418464192189276,0.3374704277288234,tvm
100,10,10,640,320,16,320,20,1,0,[100; 10; 10; 640; 320; 16; 320; 20; 1; 0],0.05806419893633574,0.31492235526685874,tvm
4,2,1,256,64,64,1,1,4,1,[4; 2; 1; 256; 64; 64; 1; 1; 4; 1],0.1114471280016005,0.1640752401035555,tvm
500,2,1,1280,256,32,2560,10,2,0,[500; 2; 1; 1280; 256; 32; 2560; 10; 2; 0],0.5574164791032672,0.032804402042672064,tvm
1500,20,1,320,160,80,64,1,5,1,[1500; 20; 1; 320; 160; 80; 64; 1; 5; 1],0.1278688891325146,0.14300362198942873,tvm
60,20,4,160,160,80,160,32,5,0,[60; 20; 4; 160; 160; 80; 160; 32; 5; 0],0.033032208448275924,0.5535722600669374,tvm
150,30,2,160,160,160,32,1,10,1,[150; 30; 2; 160; 160; 160; 32; 1; 10; 1],0.04443864873610437,0.41148223012591245,tvm
1500,500,10,16,16,16,1280,64,1,1,[1500; 500; 10; 16; 16; 16; 1280; 64; 1; 1],0.07998875190969557,0.22860357049148863,tvm
500,10,1,256,128,16,2560,64,1,1,[500; 10; 1; 256; 128; 16; 2560; 64; 1; 1],0.2617042891215533,0.06987166449236587,tvm
60,30,5,64,32,32,320,2,2,0,[60; 30; 5; 64; 32; 32; 320; 2; 2; 0],0.038015392783563584,0.48100816397773316,tvm
12,12,1,1280,640,16,8,2,1,0,[12; 12; 1; 1280; 640; 16; 8; 2; 1; 0],0.05215762241277844,0.35058565632075955,tvm
60,5,5,128,64,16,1,1,1,0,[60; 5; 5; 128; 64; 16; 1; 1; 1; 0],0.05715458653867245,0.3199343288633825,tvm
20,5,1,1280,640,64,5120,40,4,1,[20; 5; 1; 1280; 640; 64; 5120; 40; 4; 1],0.2179264270234853,0.08390774141285622,tvm
750,75,1,320,320,32,5120,16,2,0,[750; 75; 1; 320; 320; 32; 5120; 16; 2; 0],0.2973577119410038,0.06149399713346664,tvm
300,2,1,256,32,16,80,16,1,1,[300; 2; 1; 256; 32; 16; 80; 16; 1; 1],0.22988932393491268,0.07954138092507254,tvm
500,25,5,640,320,16,2560,4,1,1,[500; 25; 5; 640; 320; 16; 2560; 4; 1; 1],0.08190049999393523,0.22326743166486596,tvm
300,300,6,1280,64,64,20,2,4,1,[300; 300; 6; 1280; 64; 64; 20; 2; 4; 1],0.045922115445137024,0.39818971988692814,tvm
750,75,1,160,32,32,5120,32,2,1,[750; 75; 1; 160; 32; 32; 5120; 32; 2; 1],0.22043500910513103,0.08295285925745746,tvm
1500,15,1,1280,16,16,40,1,1,0,[1500; 15; 1; 1280; 16; 16; 40; 1; 1; 0],0.4846103659365326,0.03773281706505859,tvm
300,300,1,640,128,64,1280,4,4,0,[300; 300; 1; 640; 128; 64; 1280; 4; 4; 0],0.2276874289382249,0.08031060112095816,tvm
1500,750,2,1280,640,80,1280,4,5,1,[1500; 750; 2; 1280; 640; 80; 1280; 4; 5; 1],0.9263125930447131,0.01974032785801891,tvm
60,60,30,1280,320,16,40,2,1,0,[60; 60; 30; 1280; 320; 16; 40; 2; 1; 0],0.11474392097443342,0.15936107229409222,tvm
12,12,2,128,64,32,2,1,2,0,[12; 12; 2; 128; 64; 32; 2; 1; 2; 0],0.0681555379414931,0.26829388833246876,tvm
300,12,1,320,320,32,128,32,2,1,[300; 12; 1; 320; 320; 32; 128; 32; 2; 1],0.09882854856550694,0.1850246163798904,tvm
1500,300,20,256,32,16,8,4,1,1,[1500; 300; 20; 256; 32; 16; 8; 4; 1; 1],0.10550052905455232,0.1733234368546066,tvm
4,2,2,1280,64,64,2560,8,4,1,[4; 2; 2; 1280; 64; 64; 2560; 8; 4; 1],0.10389832290820777,0.17599624107377915,tvm
250,125,1,1280,1280,64,80,1,4,1,[250; 125; 1; 1280; 1280; 64; 80; 1; 4; 1],0.07579566445201635,0.24125013505608026,tvm
60,5,1,1280,640,160,5,5,10,1,[60; 5; 1; 1280; 640; 160; 5; 5; 10; 1],0.08707663149107248,0.20999565523603228,tvm
15,15,3,320,16,16,64,64,1,1,[15; 15; 3; 320; 16; 16; 64; 64; 1; 1],0.06740039051510394,0.2712998269886373,tvm
4,4,1,320,160,80,64,8,5,1,[4; 4; 1; 320; 160; 80; 64; 8; 5; 1],0.10808312403969467,0.16918195553820842,tvm
2,1,1,1280,32,16,320,16,1,0,[2; 1; 1; 1280; 32; 16; 320; 16; 1; 0],0.22579981200397015,0.08098197302924583,tvm
500,5,1,1280,160,160,256,32,10,0,[500; 5; 1; 1280; 160; 160; 256; 32; 10; 0],0.23275921982713044,0.07856064434008256,tvm
60,6,1,1280,640,160,1280,10,10,0,[60; 6; 1; 1280; 640; 160; 1280; 10; 10; 0],0.2699002360459417,0.06774990105085252,tvm
150,15,3,64,64,32,320,1,2,0,[150; 15; 3; 64; 64; 32; 320; 1; 2; 0],0.044566243537701666,0.4103041413002453,tvm
100,100,1,1280,80,16,512,1,1,0,[100; 100; 1; 1280; 80; 16; 512; 1; 1; 0],0.15723567898385227,0.11629494275018959,tvm
500,5,1,1280,1280,160,160,10,10,0,[500; 5; 1; 1280; 1280; 160; 160; 10; 10; 0],0.24158122506923974,0.07569178557014689,tvm
750,150,6,128,128,16,10,1,1,0,[750; 150; 6; 128; 128; 16; 10; 1; 1; 0],0.05379599251318723,0.33990848446995076,tvm
300,6,1,640,640,160,128,4,10,1,[300; 6; 1; 640; 640; 160; 128; 4; 10; 1],0.11998122185468674,0.1524048013768415,tvm
1500,250,5,640,32,32,1024,8,2,0,[1500; 250; 5; 640; 32; 32; 1024; 8; 2; 0],0.15721885208040476,0.11630738962756591,tvm
12,12,1,1280,640,16,8,2,1,0,[12; 12; 1; 1280; 640; 16; 8; 2; 1; 0],0.0521500000031665,0.3506368990336337,tvm
1500,500,4,160,160,80,256,1,5,1,[1500; 500; 4; 160; 160; 80; 256; 1; 5; 1],0.023014474369119853,0.7945310413106598,tvm
1500,30,3,640,64,64,128,1,4,1,[1500; 30; 3; 640; 64; 64; 128; 1; 4; 1],0.14117714297026396,0.1295231926429181,tvm
1500,750,2,1280,640,80,1280,4,5,1,[1500; 750; 2; 1280; 640; 80; 1280; 4; 5; 1],0.9245053590275347,0.019778916484538927,tvm
750,150,5,640,128,32,20,4,2,1,[750; 150; 5; 640; 128; 32; 20; 4; 2; 1],0.05143281247001141,0.35552623719295956,tvm
150,5,1,320,64,64,2,2,4,1,[150; 5; 1; 320; 64; 64; 2; 2; 4; 1],0.0596454095793888,0.30657370642037035,tvm
1500,20,1,320,64,64,160,4,4,1,[1500; 20; 1; 320; 64; 64; 160; 4; 4; 1],0.13436031294986606,0.13609460922093303,tvm
1500,750,10,1280,80,16,1280,20,1,1,[1500; 750; 10; 1280; 80; 16; 1280; 20; 1; 1],0.42004111502319574,0.04353315337881746,tvm
60,12,6,640,160,32,512,64,2,1,[60; 12; 6; 640; 160; 32; 512; 64; 2; 1],0.05949906550813466,0.30732775598323103,tvm
150,50,5,16,16,16,512,1,1,1,[150; 50; 5; 16; 16; 16; 512; 1; 1; 1],0.04664178076200187,0.39204580071718215,tvm
1500,750,2,640,640,128,1280,10,8,0,[1500; 750; 2; 640; 640; 128; 1280; 10; 8; 0],0.46001712791621685,0.039750072716954736,tvm
375,5,1,640,64,64,32,1,4,0,[375; 5; 1; 640; 64; 64; 32; 1; 4; 0],0.07892428943887353,0.23168677748915917,tvm
60,1,1,32,32,32,40,2,2,0,[60; 1; 1; 32; 32; 32; 40; 2; 2; 0],0.22870531305670738,0.07995316786182555,tvm
30,6,6,64,64,16,8,4,1,0,[30; 6; 6; 64; 64; 16; 8; 4; 1; 0],0.05692400154657662,0.32123030336777125,tvm
500,500,20,320,16,16,128,4,1,0,[500; 500; 20; 320; 16; 16; 128; 4; 1; 0],0.07631984993349761,0.23959316353016685,tvm
60,1,1,16,16,16,20,1,1,1,[60; 1; 1; 16; 16; 16; 20; 1; 1; 1],0.32026706100441515,0.05709520744458389,tvm
60,10,1,1280,640,160,5120,1,10,1,[60; 10; 1; 1280; 640; 160; 5120; 1; 10; 1],0.2761440670583397,0.06621802336912473,tvm
750,6,1,128,16,16,1,1,1,1,[750; 6; 1; 128; 16; 16; 1; 1; 1; 1],0.09857665200252086,0.18549741662200775,tvm
10,10,1,1280,256,16,64,4,1,0,[10; 10; 1; 1280; 256; 16; 64; 4; 1; 0],0.11687369993887842,0.1564570497492352,tvm
300,3,1,128,16,16,1024,4,1,0,[300; 3; 1; 128; 16; 16; 1024; 4; 1; 0],0.242665973957628,0.07535343331202735,tvm
150,50,5,1280,128,32,640,1,2,0,[150; 50; 5; 1280; 128; 32; 640; 1; 2; 0],0.06432381749618798,0.28427594936817846,tvm
75,3,1,80,80,80,4,4,5,0,[75; 3; 1; 80; 80; 80; 4; 4; 5; 0],0.07305306091438979,0.2503072979672015,tvm
150,6,1,640,320,80,10,2,5,0,[150; 6; 1; 640; 320; 80; 10; 2; 5; 0],0.08024629042483866,0.22786990138617427,tvm
300,60,30,32,32,16,32,8,1,1,[300; 60; 30; 32; 32; 16; 32; 8; 1; 1],0.09176922542974353,0.199257585536814,tvm
1500,60,15,64,64,16,1,1,1,0,[1500; 60; 15; 64; 64; 16; 1; 1; 1; 0],0.19269034499302506,0.0948968890287481,tvm
250,250,25,160,16,16,64,64,1,1,[250; 250; 25; 160; 16; 16; 64; 64; 1; 1],0.127905661938712,0.14296250852816955,tvm
1500,50,25,160,80,16,4,2,1,0,[1500; 50; 25; 160; 80; 16; 4; 2; 1; 0],0.10314900707453489,0.17727474848595617,tvm
75,15,3,32,32,32,64,16,2,1,[75; 15; 3; 32; 32; 32; 64; 16; 2; 1],0.04653152101673186,0.39297478109815254,tvm
300,25,25,80,16,16,32,8,1,0,[300; 25; 25; 80; 16; 16; 32; 8; 1; 0],0.089494216023013,0.2043228612786798,tvm
60,15,3,32,32,32,160,10,2,1,[60; 15; 3; 32; 32; 32; 160; 10; 2; 1],0.04555185098433867,0.40142637215776716,tvm
375,5,5,128,16,16,640,8,1,0,[375; 5; 5; 128; 16; 16; 640; 8; 1; 0],0.06260303745511919,0.2920898893895287,tvm
300,150,10,160,16,16,320,40,1,0,[300; 150; 10; 160; 16; 16; 320; 40; 1; 0],0.044265010743401945,0.4130963480775822,tvm
30,30,3,32,32,32,160,4,2,0,[30; 30; 3; 32; 32; 32; 160; 4; 2; 0],0.03718193422537297,0.49179029188955176,tvm
150,150,25,32,16,16,80,10,1,1,[150; 150; 25; 32; 16; 16; 80; 10; 1; 1],0.07378502050414681,0.24782420823053924,tvm
1500,300,20,160,160,16,640,1,1,1,[1500; 300; 20; 160; 160; 16; 640; 1; 1; 1],0.05103110591880977,0.3583248678718969,tvm
300,30,10,64,32,16,256,32,1,1,[300; 30; 10; 64; 32; 16; 256; 32; 1; 1],0.04996585822664201,0.36596417903544115,tvm
300,50,10,160,32,16,256,32,1,0,[300; 50; 10; 160; 32; 16; 256; 32; 1; 0],0.048175732023082674,0.37956276983924114,tvm
750,125,5,32,16,16,160,8,1,1,[750; 125; 5; 32; 16; 16; 160; 8; 1; 1],0.041370376478880644,0.4420001905239863,tvm
750,750,10,64,64,16,256,2,1,1,[750; 750; 10; 64; 64; 16; 256; 2; 1; 1],0.034454830281902105,0.53071555239438,tvm
100,50,10,128,32,16,80,40,1,1,[100; 50; 10; 128; 32; 16; 80; 40; 1; 1],0.04901542648440227,0.3730603933749956,tvm
150,75,25,160,32,16,4,4,1,1,[150; 75; 25; 160; 32; 16; 4; 4; 1; 1],0.11397880199365318,0.1604308342066318,tvm
300,300,4,160,32,16,64,16,1,1,[300; 300; 4; 160; 32; 16; 64; 16; 1; 1],0.044989756774157286,0.40644172355734637,tvm
100,100,10,32,16,16,128,16,1,0,[100; 100; 10; 32; 16; 16; 128; 16; 1; 0],0.04650351224699989,0.39321146731006246,tvm
750,30,6,80,80,16,160,16,1,0,[750; 30; 6; 80; 80; 16; 160; 16; 1; 0],0.03855996654601768,0.474214993519043,tvm
750,375,5,80,80,16,160,32,1,1,[750; 375; 5; 80; 80; 16; 160; 32; 1; 1],0.034538462525233626,0.5294304653067529,tvm
75,15,3,64,64,16,2,2,1,1,[75; 15; 3; 64; 64; 16; 2; 2; 1; 1],0.050070170080289245,0.36520176097649587,tvm
1500,150,6,64,64,16,8,1,1,0,[1500; 150; 6; 64; 64; 16; 8; 1; 1; 0],0.05958751309663057,0.30687157989059066,tvm
375,75,25,64,64,16,32,2,1,1,[375; 75; 25; 64; 64; 16; 32; 2; 1; 1],0.060664335964247584,0.3014244530178479,tvm
30,30,10,64,32,16,10,10,1,1,[30; 30; 10; 64; 32; 16; 10; 10; 1; 1],0.06569367798510939,0.2783481584005551,tvm
150,150,15,32,32,16,640,10,1,1,[150; 150; 15; 32; 32; 16; 640; 10; 1; 1],0.05162076000124216,0.3542317913427519,tvm
375,15,15,64,64,16,4,2,1,0,[375; 15; 15; 64; 64; 16; 4; 2; 1; 0],0.0761389845283702,0.2401623084282249,tvm
150,25,25,80,16,16,160,8,1,0,[150; 25; 25; 80; 16; 16; 160; 8; 1; 0],0.09094202751293778,0.2010700089473251,tvm
1500,1500,10,160,32,32,32,16,2,0,[1500; 1500; 10; 160; 32; 32; 32; 16; 2; 0],0.04468281724257395,0.4092336923709366,tvm
300,60,4,16,16,16,320,16,1,0,[300; 60; 4; 16; 16; 16; 320; 16; 1; 0],0.05922617996111512,0.3087437734076341,tvm
60,15,3,64,64,64,64,2,4,0,[60; 15; 3; 64; 64; 64; 64; 2; 4; 0],0.04872898996109143,0.3752532999414693,tvm
100,10,5,128,32,16,256,16,1,1,[100; 10; 5; 128; 32; 16; 256; 16; 1; 1],0.05877270444761962,0.3111259632779224,tvm
150,150,10,128,128,16,256,64,1,1,[150; 150; 10; 128; 128; 16; 256; 64; 1; 1],0.03906660800566897,0.4680650616777592,tvm
300,12,6,80,80,16,256,1,1,0,[300; 12; 6; 80; 80; 16; 256; 1; 1; 0],0.05038467003032565,0.36292217999459825,tvm
250,50,25,32,32,16,256,2,1,0,[250; 50; 25; 32; 32; 16; 256; 2; 1; 0],0.07074498094152659,0.25847366191006715,tvm
5,5,5,160,32,16,640,2,1,0,[5; 5; 5; 160; 32; 16; 640; 2; 1; 0],0.08573456900194287,0.21328286242740552,tvm
30,10,10,32,32,32,64,16,2,0,[30; 10; 10; 32; 32; 32; 64; 16; 2; 0],0.05437334452290088,0.33629923717517024,tvm
750,750,6,160,32,32,128,32,2,1,[750; 750; 6; 160; 32; 32; 128; 32; 2; 1],0.028210324759129435,0.6481922644225022,tvm
1500,10,5,160,80,80,512,8,5,1,[1500; 10; 5; 160; 80; 80; 512; 8; 5; 1],0.04148007178446278,0.4408313076392404,tvm
300,300,10,128,64,32,80,16,2,0,[300; 300; 10; 128; 64; 32; 80; 16; 2; 0],0.03400507097830996,0.5377349248110018,tvm
50,25,5,128,32,16,160,4,1,0,[50; 25; 5; 128; 32; 16; 160; 4; 1; 0],0.05039376439526677,0.3628566848526952,tvm
300,100,10,128,64,32,80,5,2,0,[300; 100; 10; 128; 64; 32; 80; 5; 2; 0],0.035627223493065685,0.5132511740431677,tvm
150,30,6,80,16,16,320,2,1,1,[150; 30; 6; 80; 16; 16; 320; 2; 1; 1],0.0473893205053173,0.3858614998217277,tvm
1500,60,4,128,128,64,512,32,4,1,[1500; 60; 4; 128; 128; 64; 512; 32; 4; 1],0.04134623473510146,0.44225827098568604,tvm
1500,60,5,128,32,32,64,2,2,0,[1500; 60; 5; 128; 32; 32; 64; 2; 2; 0],0.05753103049937636,0.3178408960693396,tvm
150,10,10,160,160,32,640,5,2,0,[150; 10; 10; 160; 160; 32; 640; 5; 2; 0],0.05699913250282407,0.3208068874523363,tvm
300,30,6,64,32,32,40,40,2,0,[300; 30; 6; 64; 32; 32; 40; 40; 2; 0],0.04927489621331915,0.3710959472456809,tvm
750,250,5,160,80,80,512,4,5,1,[750; 250; 5; 160; 80; 80; 512; 4; 5; 1],0.022569082502741367,0.8102107953875929,tvm
750,25,5,64,64,32,4,4,2,0,[750; 25; 5; 64; 64; 32; 4; 4; 2; 0],0.051659440505318344,0.35396655687418394,tvm
100,50,10,128,64,32,64,4,2,0,[100; 50; 10; 128; 64; 32; 64; 4; 2; 0],0.037073624262120575,0.49322704886981994,tvm
60,5,5,80,80,80,32,32,5,1,[60; 5; 5; 80; 80; 80; 32; 32; 5; 1],0.06661792355589569,0.27448640410371966,tvm
150,6,6,128,128,32,320,5,2,0,[150; 6; 6; 128; 128; 32; 320; 5; 2; 0],0.05828037695027888,0.3137542212761338,tvm
1500,50,5,64,64,64,20,2,4,0,[1500; 50; 5; 64; 64; 64; 20; 2; 4; 0],0.03601035929750651,0.5077903870562174,tvm
50,10,5,64,64,64,8,4,4,1,[50; 10; 5; 64; 64; 64; 8; 4; 4; 1],0.04819936951389536,0.3793766281619661,tvm
50,10,10,128,128,32,256,2,2,1,[50; 10; 10; 128; 128; 32; 256; 2; 2; 1],0.056083419476635754,0.32604492479871133,tvm
75,5,5,128,64,32,2,1,2,1,[75; 5; 5; 128; 64; 32; 2; 1; 2; 1],0.05005777650512755,0.36529217960452626,tvm
300,100,4,64,64,32,256,4,2,1,[300; 100; 4; 64; 64; 32; 256; 4; 2; 1],0.03199416125426069,0.5715328537727853,tvm
750,750,5,80,80,80,4,1,5,0,[750; 750; 5; 80; 80; 80; 4; 1; 5; 0],0.05271700851153582,0.34686555254198287,tvm
100,4,4,160,160,80,20,2,5,0,[100; 4; 4; 160; 160; 80; 20; 2; 5; 0],0.07162620301824063,0.25529364276168,tvm
500,500,5,128,64,64,512,1,4,1,[500; 500; 5; 128; 64; 64; 512; 1; 4; 1],0.02695495227817446,0.6783805104533726,tvm
20,5,5,128,128,64,80,2,4,0,[20; 5; 5; 128; 128; 64; 80; 2; 4; 0],0.05566235852893442,0.32851130941943474,tvm
10,10,5,32,32,32,160,1,2,0,[10; 10; 5; 32; 32; 32; 160; 1; 2; 0],0.04775824898388237,0.3828807520117712,tvm
300,30,6,128,128,64,256,4,4,1,[300; 30; 6; 128; 128; 64; 256; 4; 4; 1],0.03159859823063016,0.5786875149413747,tvm
750,750,5,640,128,64,80,4,4,0,[750; 750; 5; 640; 128; 64; 80; 4; 4; 0],0.05185916100163013,0.3526033574885544,tvm
60,20,5,32,16,16,80,10,1,1,[60; 20; 5; 32; 16; 16; 80; 10; 1; 1],0.053133988520130515,0.3441434530890995,tvm
60,12,12,160,160,32,128,8,2,0,[60; 12; 12; 160; 160; 32; 128; 8; 2; 0],0.05051828152500093,0.36196231807023943,tvm
250,250,10,640,320,32,128,2,2,0,[250; 250; 10; 640; 320; 32; 128; 2; 2; 0],0.03560941421892494,0.5135078654564382,tvm
375,125,5,320,80,80,128,8,5,0,[375; 125; 5; 320; 80; 80; 128; 8; 5; 0],0.025680948281660676,0.7120342319591256,tvm
75,15,3,64,64,32,1024,8,2,0,[75; 15; 3; 64; 64; 32; 1024; 8; 2; 0],0.056436336948536336,0.3240060442333248,tvm
1500,500,5,320,160,80,20,1,5,0,[1500; 500; 5; 320; 160; 80; 20; 1; 5; 0],0.057006587041541934,0.3207649367324708,tvm
250,250,10,256,128,32,512,16,2,0,[250; 250; 10; 256; 128; 32; 512; 16; 2; 0],0.028710971237160265,0.636889436260077,tvm
500,25,5,16,16,16,320,32,1,0,[500; 25; 5; 16; 16; 16; 320; 32; 1; 0],0.05642950895708054,0.3240452490845195,tvm
300,20,4,64,64,16,640,40,1,1,[300; 20; 4; 64; 64; 16; 640; 40; 1; 1],0.05633967195171863,0.32456195878074307,tvm
1500,750,3,1280,640,80,512,1,5,1,[1500; 750; 3; 1280; 640; 80; 512; 1; 5; 1],0.4981470799539238,0.03670746055041741,tvm
250,250,5,320,160,80,4,4,5,0,[250; 250; 5; 320; 160; 80; 4; 4; 5; 0],0.05512975051533431,0.3316850541637791,tvm
60,10,10,32,32,32,160,1,2,1,[60; 10; 10; 32; 32; 32; 160; 1; 2; 1],0.05697572149801999,0.3209387052053347,tvm
1500,375,3,320,64,64,160,5,4,1,[1500; 375; 3; 320; 64; 64; 160; 5; 4; 1],0.05266108748037368,0.34723389053690185,tvm
1500,30,5,160,160,16,640,10,1,1,[1500; 30; 5; 160; 160; 16; 640; 10; 1; 1],0.04284746327903122,0.4267630540140515,tvm
300,75,3,32,16,16,320,32,1,0,[300; 75; 3; 32; 16; 16; 320; 32; 1; 0],0.06149629899300635,0.2973465815852402,tvm
60,20,4,64,16,16,160,5,1,0,[60; 20; 4; 64; 16; 16; 160; 5; 1; 0],0.05447252094745636,0.33568694761442197,tvm
250,250,5,256,256,32,256,32,2,0,[250; 250; 5; 256; 256; 32; 256; 32; 2; 0],0.02716207696357742,0.673207513189593,tvm
100,20,5,128,32,32,20,5,2,0,[100; 20; 5; 128; 32; 32; 20; 5; 2; 0],0.044833833002485335,0.4078552526325516,tvm
375,125,5,320,80,80,256,32,5,1,[375; 125; 5; 320; 80; 80; 256; 32; 5; 1],0.0391946344752796,0.46653616063819264,tvm
250,250,5,256,64,64,80,8,4,1,[250; 250; 5; 256; 64; 64; 80; 8; 4; 1],0.030265502049587667,0.6041768035354104,tvm
300,60,4,64,16,16,512,4,1,1,[300; 60; 4; 64; 16; 16; 512; 4; 1; 1],0.04960503976326436,0.3686261390572658,tvm
60,60,10,128,128,16,640,32,1,1,[60; 60; 10; 128; 128; 16; 640; 32; 1; 1],0.04870203201426193,0.3754610132152081,tvm
375,25,5,160,160,16,64,32,1,1,[375; 25; 5; 160; 160; 16; 64; 32; 1; 1],0.04111603676574305,0.44473435973161524,tvm
300,20,10,160,160,32,5120,4,2,0,[300; 20; 10; 160; 160; 32; 5120; 4; 2; 0],0.057943198014982045,0.3155799975173316,tvm
1500,20,10,64,64,16,80,20,1,0,[1500; 20; 10; 64; 64; 16; 80; 20; 1; 0],0.0553028869908303,0.3306466494008932,tvm
6,6,6,64,64,64,320,32,4,0,[6; 6; 6; 64; 64; 64; 320; 32; 4; 0],0.06452113250270486,0.2834065921726918,tvm
250,250,5,640,128,64,160,1,4,1,[250; 250; 5; 640; 128; 64; 160; 1; 4; 1],0.03285130701260641,0.5566206019960576,tvm
500,500,4,320,80,80,256,8,5,0,[500; 500; 4; 320; 80; 80; 256; 8; 5; 0],0.03204190020915121,0.5706813318297478,tvm
300,30,3,32,32,32,16,4,2,0,[300; 30; 3; 32; 32; 32; 16; 4; 2; 0],0.058285938459448516,0.3137242835754677,tvm
300,60,6,160,160,32,2560,2,2,0,[300; 60; 6; 160; 160; 32; 2560; 2; 2; 0],0.0583077825140208,0.3136067519171608,tvm
1500,15,3,128,64,32,320,8,2,0,[1500; 15; 3; 128; 64; 32; 320; 8; 2; 0],0.06983239005785435,0.26185147423086963,tvm
20,20,4,160,32,32,320,10,2,0,[20; 20; 4; 160; 32; 32; 320; 10; 2; 0],0.04039298527641222,0.4526952925262586,tvm
750,30,3,128,128,32,1280,5,2,1,[750; 30; 3; 128; 128; 32; 1280; 5; 2; 1],0.08429572102613747,0.2169233985203645,tvm
1500,150,6,160,80,16,80,20,1,0,[1500; 150; 6; 160; 80; 16; 80; 20; 1; 0],0.034379341232124716,0.5318808805047074,tvm
750,75,5,128,64,64,2,2,4,0,[750; 75; 5; 128; 64; 64; 2; 2; 4; 0],0.09309317800216377,0.19642378397791158,tvm
75,75,3,160,32,32,64,8,2,1,[75; 75; 3; 160; 32; 32; 64; 8; 2; 1],0.03943355102092028,0.46370955220374027,tvm
750,30,5,160,80,16,256,4,1,1,[750; 30; 5; 160; 80; 16; 256; 4; 1; 1],0.03859276877483353,0.47381193073761685,tvm
60,60,4,160,160,32,40,4,2,1,[60; 60; 4; 160; 160; 32; 40; 4; 2; 1],0.030380712531041354,0.6018856294772857,tvm
1500,300,4,160,160,16,16,16,1,0,[1500; 300; 4; 160; 160; 16; 16; 16; 1; 0],0.07017036946490407,0.2605902523409107,tvm
30,30,5,160,160,80,5120,32,5,0,[30; 30; 5; 160; 160; 80; 5120; 32; 5; 0],0.06569473003037274,0.27834370089138394,tvm
300,100,4,128,64,16,512,1,1,1,[300; 100; 4; 128; 64; 16; 512; 1; 1; 1],0.050085618509911,0.36508911798894705,tvm
150,30,10,64,32,32,320,10,2,1,[150; 30; 10; 64; 32; 32; 320; 10; 2; 1],0.038149449741467834,0.47931790391823165,tvm
1500,60,12,64,32,32,80,2,2,1,[1500; 60; 12; 64; 32; 32; 80; 2; 2; 1],0.03679647878743708,0.4969419598909374,tvm
1500,100,4,64,64,32,32,1,2,0,[1500; 100; 4; 64; 64; 32; 32; 1; 2; 0],0.03942819725489244,0.46377251710247314,tvm
75,75,3,128,64,64,1024,4,4,0,[75; 75; 3; 128; 64; 64; 1024; 4; 4; 0],0.04605108848772943,0.39707452931512394,tvm
750,150,3,64,32,32,10,5,2,1,[750; 150; 3; 64; 32; 32; 10; 5; 2; 1],0.032070181507151574,0.5701780727881636,tvm
1500,1500,12,16,16,16,128,32,1,0,[1500; 1500; 12; 16; 16; 16; 128; 32; 1; 0],0.04998885147506371,0.36579584739681165,tvm
500,100,4,128,64,16,320,8,1,1,[500; 100; 4; 128; 64; 16; 320; 8; 1; 1],0.04666816280223429,0.3918241727921382,tvm
30,30,5,80,80,80,5120,5,5,1,[30; 30; 5; 80; 80; 80; 5120; 5; 5; 1],0.053217489970847964,0.3436034712597499,tvm
1500,60,5,128,128,64,64,2,4,1,[1500; 60; 5; 128; 128; 64; 64; 2; 4; 1],0.04055666975909844,0.45086823928910214,tvm
300,100,4,64,64,32,2560,2,2,0,[300; 100; 4; 64; 64; 32; 2560; 2; 2; 0],0.0731636619893834,0.2499289099056808,tvm
1500,150,5,128,128,64,10,10,4,1,[1500; 150; 5; 128; 128; 64; 10; 10; 4; 1],0.05446776142343879,0.335716280747413,tvm
60,20,4,128,64,64,320,20,4,1,[60; 20; 4; 128; 64; 64; 320; 20; 4; 1],0.035792339709587395,0.5108834581388443,tvm
1500,60,10,160,160,32,160,32,2,1,[1500; 60; 10; 160; 160; 32; 160; 32; 2; 1],0.03039671474834904,0.6015687694245792,tvm
1500,250,5,128,128,32,8,1,2,0,[1500; 250; 5; 128; 128; 32; 8; 1; 2; 0],0.06587056803982705,0.2776006770528876,tvm
150,30,3,128,128,64,320,2,4,1,[150; 30; 3; 128; 128; 64; 320; 2; 4; 1],0.035490834270603955,0.5152235686062704,tvm
500,250,10,128,64,32,2560,16,2,1,[500; 250; 10; 128; 64; 32; 2560; 16; 2; 1],0.05283618997782469,0.34608313531669843,tvm
60,30,6,128,128,64,320,10,4,0,[60; 30; 6; 128; 128; 64; 320; 10; 4; 0],0.032937762734945863,0.5551595727026644,tvm
375,125,5,64,64,64,1280,20,4,1,[375; 125; 5; 64; 64; 64; 1280; 20; 4; 1],0.0442207622108981,0.4135097038469368,tvm
1500,150,10,160,160,32,320,10,2,0,[1500; 150; 10; 160; 160; 32; 320; 10; 2; 0],0.026164988230448216,0.6988619343017777,tvm
750,250,5,32,32,32,80,4,2,1,[750; 250; 5; 32; 32; 32; 80; 4; 2; 1],0.03644733253167942,0.5017024022216343,tvm
1500,300,6,128,64,32,80,16,2,0,[1500; 300; 6; 128; 64; 32; 80; 16; 2; 0],0.0498381985235028,0.3669015900944147,tvm
300,300,12,128,64,32,128,2,2,1,[300; 300; 12; 128; 64; 32; 128; 2; 2; 1],0.033202847465872765,0.5507272924260213,tvm
300,300,5,640,32,32,40,1,2,1,[300; 300; 5; 640; 32; 32; 40; 1; 2; 1],0.06606732646469027,0.2767739405269729,tvm
100,50,5,640,32,32,320,1,2,1,[100; 50; 5; 640; 32; 32; 320; 1; 2; 1],0.0375907605048269,0.48644172238458117,tvm
500,500,4,320,160,32,2,2,2,1,[500; 500; 4; 320; 160; 32; 2; 2; 2; 1],0.0975653714267537,0.1874201268166351,tvm
500,250,5,64,32,32,1,1,2,1,[500; 250; 5; 64; 32; 32; 1; 1; 2; 1],0.10450867889449,0.1749683804172398,tvm
1500,75,3,320,64,32,128,4,2,0,[1500; 75; 3; 320; 64; 32; 128; 4; 2; 0],0.06518308003433049,0.28052854016845485,tvm
500,50,5,160,80,16,40,4,1,0,[500; 50; 5; 160; 80; 16; 40; 4; 1; 0],0.041845514497254044,0.43698146636276197,tvm
500,20,5,32,32,32,256,8,2,0,[500; 20; 5; 32; 32; 32; 256; 8; 2; 0],0.04096095502609387,0.44641816271289353,tvm
750,125,5,32,32,32,16,2,2,1,[750; 125; 5; 32; 32; 32; 16; 2; 2; 1],0.02930193196516484,0.6240446639304529,tvm
100,100,5,320,80,16,320,64,1,0,[100; 100; 5; 320; 80; 16; 320; 64; 1; 0],0.0446269775275141,0.4097457479489957,tvm
1500,20,10,64,64,32,160,10,2,0,[1500; 20; 10; 64; 64; 32; 160; 10; 2; 0],0.04181029222672805,0.4373495929316845,tvm
250,50,5,640,320,32,512,2,2,1,[250; 50; 5; 640; 320; 32; 512; 2; 2; 1],0.047090904030483216,0.38830671574870274,tvm
1500,100,5,640,160,80,512,64,5,0,[1500; 100; 5; 640; 160; 80; 512; 64; 5; 0],0.2424917861353606,0.07540756153904146,tvm
100,20,10,128,32,32,64,16,2,1,[100; 20; 10; 128; 32; 32; 64; 16; 2; 1],0.041773730248678476,0.43773237814434257,tvm
300,20,4,128,32,32,512,16,2,1,[300; 20; 4; 128; 32; 32; 512; 16; 2; 1],0.04623825923772529,0.3954671864202702,tvm
300,30,10,640,128,32,160,1,2,1,[300; 30; 10; 640; 128; 32; 160; 1; 2; 1],0.054992556921206415,0.33251253095785566,tvm
300,60,3,320,160,80,32,2,5,0,[300; 60; 3; 320; 160; 80; 32; 2; 5; 0],0.0363496650243178,0.5030504207805273,tvm
300,300,6,256,64,32,16,16,2,0,[300; 300; 6; 256; 64; 32; 16; 16; 2; 0],0.07237548299599439,0.25265067021005316,tvm
1500,750,6,64,64,16,160,20,1,0,[1500; 750; 6; 64; 64; 16; 160; 20; 1; 0],0.041830448259133846,0.437138855707135,tvm
750,750,3,32,16,16,160,8,1,1,[750; 750; 3; 32; 16; 16; 160; 8; 1; 1],0.05414510006085038,0.33771688047790266,tvm
1500,250,5,128,64,16,512,2,1,1,[1500; 250; 5; 128; 64; 16; 512; 2; 1; 1],0.058615150512196124,0.3119622508161871,tvm
750,75,3,256,128,32,20,5,2,1,[750; 75; 3; 256; 128; 32; 20; 5; 2; 1],0.047437812958378345,0.38546705982752755,tvm
375,125,5,256,256,32,8,8,2,1,[375; 125; 5; 256; 256; 32; 8; 8; 2; 1],0.03444578201742843,0.5308549614714022,tvm
250,50,10,1280,320,32,160,8,2,1,[250; 50; 10; 1280; 320; 32; 160; 8; 2; 1],0.043918952986132354,0.41635132539448516,tvm
1500,1500,10,256,64,16,320,5,1,1,[1500; 1500; 10; 256; 64; 16; 320; 5; 1; 1],0.053678622003644705,0.34065170831830804,tvm
150,150,3,320,320,32,640,4,2,1,[150; 150; 3; 320; 320; 32; 640; 4; 2; 1],0.04471830849070102,0.40890889890248694,tvm
1500,30,10,64,32,32,80,40,2,1,[1500; 30; 10; 64; 32; 32; 80; 40; 2; 1],0.04482528171502054,0.4079330588922303,tvm
50,25,5,80,80,80,64,8,5,1,[50; 25; 5; 80; 80; 80; 64; 8; 5; 1],0.033973407465964556,0.5382360984553402,tvm
750,25,5,160,80,80,64,64,5,1,[750; 25; 5; 160; 80; 80; 64; 64; 5; 1],0.05308450595475733,0.3444642453920315,tvm
250,250,5,256,64,16,160,2,1,0,[250; 250; 5; 256; 64; 16; 160; 2; 1; 0],0.04068022925639525,0.44949880125957326,tvm
300,75,5,64,64,32,40,5,2,0,[300; 75; 5; 64; 64; 32; 40; 5; 2; 0],0.03496752947103232,0.522934120949622,tvm
150,30,6,320,32,32,320,40,2,0,[150; 30; 6; 320; 32; 32; 320; 40; 2; 0],0.04062087001511827,0.45015565345864605,tvm
20,20,10,256,256,32,128,16,2,1,[20; 20; 10; 256; 256; 32; 128; 16; 2; 1],0.047421632742043585,0.3855985808245346,tvm
750,250,5,128,32,32,64,64,2,0,[750; 250; 5; 128; 32; 32; 64; 64; 2; 0],0.044043043279089034,0.41517826481341413,tvm
500,100,4,320,32,32,80,2,2,1,[500; 100; 4; 320; 32; 32; 80; 2; 2; 1],0.04517091205343604,0.4048117129909343,tvm
750,750,5,256,128,16,80,5,1,1,[750; 750; 5; 256; 128; 16; 80; 5; 1; 1],0.05800209008157253,0.31525957530147214,tvm
30,30,5,256,128,64,64,2,4,1,[30; 30; 5; 256; 128; 64; 64; 2; 4; 1],0.030842832755297422,0.5928675368696028,tvm
75,25,5,256,128,64,160,40,4,0,[75; 25; 5; 256; 128; 64; 160; 40; 4; 0],0.0356150662410073,0.513426373040409,tvm
1500,125,5,160,160,32,32,2,2,1,[1500; 125; 5; 160; 160; 32; 32; 2; 2; 1],0.025706369779072702,0.7113300883347793,tvm
1500,25,5,160,160,80,320,1,5,1,[1500; 25; 5; 160; 160; 80; 320; 1; 5; 1],0.030600533762481064,0.597561938874876,tvm
150,150,6,160,160,16,80,20,1,1,[150; 150; 6; 160; 160; 16; 80; 20; 1; 1],0.03486082697054371,0.524534724926782,tvm
750,30,5,128,128,64,512,16,4,0,[750; 30; 5; 128; 128; 64; 512; 16; 4; 0],0.03549046325497329,0.5152289547291807,tvm
150,150,6,64,64,32,40,1,2,1,[150; 150; 6; 64; 64; 32; 40; 1; 2; 1],0.032047752232756466,0.5705771235657582,tvm
500,50,5,160,32,32,512,1,2,1,[500; 50; 5; 160; 32; 32; 512; 1; 2; 1],0.036483146250247955,0.501209905535217,tvm
500,500,5,640,320,64,160,4,4,0,[500; 500; 5; 640; 320; 64; 160; 4; 4; 0],0.030840826802887022,0.5929060982244014,tvm
100,100,5,256,128,64,40,1,4,1,[100; 100; 5; 256; 128; 64; 40; 1; 4; 1],0.028687768266536295,0.6374045591773762,tvm
300,75,5,128,64,32,128,4,2,0,[300; 75; 5; 128; 64; 32; 128; 4; 2; 0],0.036510336212813854,0.5008366447005393,tvm
300,30,5,256,64,32,160,4,2,1,[300; 30; 5; 256; 64; 32; 160; 4; 2; 1],0.045792827499099076,0.39931393810688015,tvm
1500,300,4,64,64,64,160,40,4,0,[1500; 300; 4; 64; 64; 64; 160; 40; 4; 0],0.035248110245447606,0.5187714790490346,tvm
300,150,5,256,256,64,32,16,4,1,[300; 150; 5; 256; 256; 64; 32; 16; 4; 1],0.03239572426537052,0.5644483863341447,tvm
300,50,5,80,80,80,320,16,5,0,[300; 50; 5; 80; 80; 80; 320; 16; 5; 0],0.028837905265390873,0.6340860793262766,tvm
1500,60,10,160,160,32,512,64,2,0,[1500; 60; 10; 160; 160; 32; 512; 64; 2; 0],0.035065060772467405,0.5214796119809373,tvm
300,60,5,80,80,80,512,8,5,1,[300; 60; 5; 80; 80; 80; 512; 8; 5; 1],0.02818822901463136,0.6487003591542738,tvm
1500,1500,5,320,320,32,512,32,2,1,[1500; 1500; 5; 320; 320; 32; 512; 32; 2; 1],0.05886556801851839,0.31063514548881654,tvm
300,150,5,32,32,32,512,64,2,1,[300; 150; 5; 32; 32; 32; 512; 64; 2; 1],0.03247341973474249,0.5630978946806413,tvm
1500,300,4,256,64,32,320,16,2,0,[1500; 300; 4; 256; 64; 32; 320; 16; 2; 0],0.043033835710957646,0.42491481374174184,tvm
60,60,6,256,64,64,256,64,4,1,[60; 60; 6; 256; 64; 64; 256; 64; 4; 1],0.030978239723481238,0.5902760921516749,tvm
60,60,6,128,128,64,160,10,4,0,[60; 60; 6; 128; 128; 64; 160; 10; 4; 0],0.027136727527249604,0.673836381610587,tvm
300,300,5,128,64,32,512,4,2,0,[300; 300; 5; 128; 64; 32; 512; 4; 2; 0],0.029508240753784776,0.6196816149864486,tvm
750,150,5,256,32,32,160,20,2,1,[750; 150; 5; 256; 32; 32; 160; 20; 2; 1],0.04697882477194071,0.38923311458901994,tvm
300,100,10,256,128,32,320,10,2,0,[300; 100; 10; 256; 128; 32; 320; 10; 2; 0],0.038118020980618894,0.4797131072206413,tvm
300,300,6,256,32,32,320,32,2,1,[300; 300; 6; 256; 32; 32; 320; 32; 2; 1],0.03746081795543432,0.48812907148658874,tvm
300,300,4,256,64,64,128,1,4,1,[300; 300; 4; 256; 64; 64; 128; 1; 4; 1],0.03670297947246581,0.4982078988827606,tvm
750,125,5,160,160,80,512,2,5,0,[750; 125; 5; 160; 160; 80; 512; 2; 5; 0],0.02432810064055957,0.7516293423757268,tvm
250,125,5,256,256,32,160,16,2,1,[250; 125; 5; 256; 256; 32; 160; 16; 2; 1],0.028172232734505087,0.6490686932071988,tvm
1500,1500,4,160,80,16,320,8,1,1,[1500; 1500; 4; 160; 80; 16; 320; 8; 1; 1],0.038914157485123724,0.4698987583813071,tvm
375,125,5,640,128,32,512,64,2,1,[375; 125; 5; 640; 128; 32; 512; 64; 2; 1],0.029318800021428615,0.6236856308017233,tvm
1500,100,4,256,128,16,80,10,1,1,[1500; 100; 4; 256; 128; 16; 80; 10; 1; 1],0.06337405298836529,0.28853629243298234,tvm
500,125,5,640,640,32,64,16,2,1,[500; 125; 5; 640; 640; 32; 64; 16; 2; 1],0.03377380798337981,0.5414170144720649,tvm
750,75,5,1280,320,80,160,2,5,1,[750; 75; 5; 1280; 320; 80; 160; 2; 5; 1],0.09345996053889394,0.19565292110416177,tvm
1500,30,5,128,64,64,10,10,4,1,[1500; 30; 5; 128; 64; 64; 10; 10; 4; 1],0.06295445351861417,0.290459423657893,tvm
125,125,5,640,640,64,16,4,4,1,[125; 125; 5; 640; 640; 64; 16; 4; 4; 1],0.02520636172266677,0.7254404458248687,tvm
300,60,3,320,64,32,32,4,2,0,[300; 60; 3; 320; 64; 32; 32; 4; 2; 0],0.04170030646491796,0.43850311510534995,tvm
750,375,5,640,160,80,80,5,5,0,[750; 375; 5; 640; 160; 80; 80; 5; 5; 0],0.04779402073472738,0.38259418238122395,tvm
60,60,6,320,80,16,256,16,1,0,[60; 60; 6; 320; 80; 16; 256; 16; 1; 0],0.03894384449813515,0.46954055310563675,tvm
300,60,3,160,160,16,320,40,1,1,[300; 60; 3; 160; 160; 16; 320; 40; 1; 1],0.05317504203412682,0.34387775893019196,tvm
250,125,5,80,80,80,2,2,5,1,[250; 125; 5; 80; 80; 80; 2; 2; 5; 1],0.0740131720667705,0.2470602701532364,tvm
60,20,5,320,320,80,640,8,5,1,[60; 20; 5; 320; 320; 80; 640; 8; 5; 1],0.04095960425911471,0.4464328847035962,tvm
25,25,5,1280,640,80,64,8,5,0,[25; 25; 5; 1280; 640; 80; 64; 8; 5; 0],0.03245423472253606,0.563430764645847,tvm
500,500,5,256,128,16,40,10,1,1,[500; 500; 5; 256; 128; 16; 40; 10; 1; 1],0.03906922822352499,0.46803367041440047,tvm
300,300,4,1280,1280,64,40,2,4,0,[300; 300; 4; 1280; 1280; 64; 40; 2; 4; 0],0.04310886649182066,0.42417525149225993,tvm
300,25,5,128,128,32,16,16,2,1,[300; 25; 5; 128; 128; 32; 16; 16; 2; 1],0.04392517503583804,0.41629234876799437,tvm
30,30,3,256,256,16,128,64,1,1,[30; 30; 3; 256; 256; 16; 128; 64; 1; 1],0.05658391444012523,0.32316099843292884,tvm
750,30,5,256,256,16,40,8,1,1,[750; 30; 5; 256; 256; 16; 40; 8; 1; 1],0.06384022103156894,0.2864293699213857,tvm
300,300,6,1280,256,32,256,1,2,0,[300; 300; 6; 1280; 256; 32; 256; 1; 2; 0],0.041504337976220995,0.4405735683867717,tvm
60,60,3,160,160,16,80,10,1,0,[60; 60; 3; 160; 160; 16; 80; 10; 1; 0],0.05076233041472733,0.3602221201493377,tvm
1500,375,3,160,160,80,1280,64,5,1,[1500; 375; 3; 160; 160; 80; 1280; 64; 5; 1],0.06341266259551048,0.2883606134369902,tvm
100,20,4,1280,640,80,160,20,5,0,[100; 20; 4; 1280; 640; 80; 160; 20; 5; 0],0.036199838505126536,0.50513248237626,tvm
750,75,5,640,320,80,320,5,5,1,[750; 75; 5; 640; 320; 80; 320; 5; 5; 1],0.045597022224683315,0.4010286942776621,tvm
1500,100,5,128,128,16,160,5,1,0,[1500; 100; 5; 128; 128; 16; 160; 5; 1; 0],0.059681629412807524,0.3063876517049352,tvm
300,60,3,320,64,32,320,4,2,1,[300; 60; 3; 320; 64; 32; 320; 4; 2; 1],0.04111193201970309,0.4447787634244669,tvm
300,60,3,640,160,80,160,20,5,0,[300; 60; 3; 640; 160; 80; 160; 20; 5; 0],0.042887607240118086,0.4263635922455799,tvm
1500,1500,10,256,256,16,160,40,1,0,[1500; 1500; 10; 256; 256; 16; 160; 40; 1; 0],0.05408866598736495,0.3380692415299318,tvm
750,250,10,80,80,16,80,4,1,0,[750; 250; 10; 80; 80; 16; 80; 4; 1; 0],0.036530160752590746,0.5005648458422798,tvm
300,300,5,1280,128,64,160,40,4,1,[300; 300; 5; 1280; 128; 64; 160; 40; 4; 1],0.038370956492144614,0.4765509113503016,tvm
750,25,5,64,32,32,128,64,2,1,[750; 25; 5; 64; 32; 32; 128; 64; 2; 1],0.04671830777078867,0.39140360938218116,tvm
300,300,3,640,320,80,128,4,5,0,[300; 300; 3; 640; 320; 80; 128; 4; 5; 0],0.04167383076855913,0.43878169941386735,tvm
1500,30,6,32,32,32,128,64,2,1,[1500; 30; 6; 32; 32; 32; 128; 64; 2; 1],0.05355787056032568,0.34141974082255394,tvm
500,100,5,640,320,80,320,1,5,0,[500; 100; 5; 640; 320; 80; 320; 1; 5; 0],0.03266278695082292,0.5598332534589058,tvm
100,25,5,160,160,80,640,5,5,1,[100; 25; 5; 160; 160; 80; 640; 5; 5; 1],0.032546534726861864,0.5618329090691921,tvm
375,125,5,1280,320,80,160,10,5,0,[375; 125; 5; 1280; 320; 80; 160; 10; 5; 0],0.046747683780267835,0.3911576533216962,tvm
1500,300,4,256,64,32,320,16,2,0,[1500; 300; 4; 256; 64; 32; 320; 16; 2; 0],0.041565861261915416,0.43992145791210907,tvm
750,30,5,128,64,32,512,4,2,1,[750; 30; 5; 128; 64; 32; 512; 4; 2; 1],0.03894454048713669,0.4695321618123604,tvm
60,20,4,128,128,32,320,2,2,0,[60; 20; 4; 128; 128; 32; 320; 2; 2; 0],0.039194232726003975,0.4665409427337091,tvm
250,50,5,320,320,32,128,1,2,1,[250; 50; 5; 320; 320; 32; 128; 1; 2; 1],0.03066888329340145,0.59623019562791,tvm
750,150,5,320,320,32,64,2,2,1,[750; 150; 5; 320; 320; 32; 64; 2; 2; 1],0.025250633480027318,0.7241685362142647,tvm
1500,60,5,128,64,32,512,64,2,1,[1500; 60; 5; 128; 64; 32; 512; 64; 2; 1],0.049795161990914494,0.36721869263224116,tvm
500,20,5,64,64,64,80,8,4,1,[500; 20; 5; 64; 64; 64; 80; 8; 4; 1],0.044271133781876415,0.41303921367381013,tvm
1500,75,5,160,160,32,20,5,2,0,[1500; 75; 5; 160; 160; 32; 20; 5; 2; 0],0.03721509320894256,0.49135210230564036,tvm
150,30,5,256,128,32,512,64,2,0,[150; 30; 5; 256; 128; 32; 512; 64; 2; 0],0.04604543128516525,0.3971233144167663,tvm
750,30,5,256,128,32,256,2,2,0,[750; 30; 5; 256; 128; 32; 256; 2; 2; 0],0.048416723031550646,0.37767352147724753,tvm
1500,500,4,256,64,64,320,20,4,0,[1500; 500; 4; 256; 64; 64; 320; 20; 4; 0],0.03705517598427832,0.4934726067276675,tvm
150,50,5,128,32,32,320,2,2,0,[150; 50; 5; 128; 32; 32; 320; 2; 2; 0],0.03573190496535972,0.5117475349674574,tvm
60,20,4,128,128,64,160,16,4,0,[60; 20; 4; 128; 128; 64; 160; 16; 4; 0],0.034996495000086725,0.522501304364022,tvm
60,30,6,256,256,32,80,2,2,0,[60; 30; 6; 256; 256; 32; 80; 2; 2; 0],0.03496694075874984,0.5229429252011021,tvm
250,50,5,256,64,64,80,1,4,1,[250; 50; 5; 256; 64; 64; 80; 1; 4; 1],0.03601746674394235,0.5076901830912275,tvm
1500,60,6,128,128,64,160,16,4,0,[1500; 60; 6; 128; 128; 64; 160; 16; 4; 0],0.04042797553120181,0.4523034865201598,tvm
750,150,3,128,128,32,320,32,2,0,[750; 150; 3; 128; 128; 32; 320; 32; 2; 0],0.03702415153384209,0.49388611293361173,tvm
500,500,5,256,64,32,512,8,2,1,[500; 500; 5; 256; 64; 32; 512; 8; 2; 1],0.025836144224740565,0.7077570912537319,tvm
300,150,6,128,64,64,32,2,4,1,[300; 150; 6; 128; 64; 64; 32; 2; 4; 1],0.0325825524632819,0.5612118420225339,tvm
1500,750,6,256,256,64,32,8,4,1,[1500; 750; 6; 256; 256; 64; 32; 8; 4; 1],0.03933223325293511,0.46490404366626553,tvm
1500,60,5,80,80,80,128,1,5,0,[1500; 60; 5; 80; 80; 80; 128; 1; 5; 0],0.026883106271270663,0.6801935052146781,tvm
60,60,6,256,256,32,320,1,2,0,[60; 60; 6; 256; 256; 32; 320; 1; 2; 0],0.030961007985752076,0.590604617722045,tvm
1500,250,5,160,160,32,32,1,2,1,[1500; 250; 5; 160; 160; 32; 32; 1; 2; 1],0.027556980261579156,0.663560161967704,tvm
500,500,4,64,64,64,320,5,4,1,[500; 500; 4; 64; 64; 64; 320; 5; 4; 1],0.024335711263120174,0.7513942817617818,tvm
300,75,5,256,256,64,512,8,4,1,[300; 75; 5; 256; 256; 64; 512; 8; 4; 1],0.03157399973133579,0.5791383556504731,tvm
150,150,6,64,64,64,320,2,4,1,[150; 150; 6; 64; 64; 64; 320; 2; 4; 1],0.023911970376502723,0.7647096411462136,tvm
250,250,5,256,128,64,40,1,4,1,[250; 250; 5; 256; 128; 64; 40; 1; 4; 1],0.029675198486074805,0.6161951804398182,tvm
750,250,5,160,80,80,256,4,5,1,[750; 250; 5; 160; 80; 80; 256; 4; 5; 1],0.021962772123515606,0.8325776993394981,tvm
50,50,10,640,160,32,10,10,2,0,[50; 50; 10; 640; 160; 32; 10; 10; 2; 0],0.047718736983370036,0.38319778438576135,tvm
1500,75,3,256,256,64,640,8,4,0,[1500; 75; 3; 256; 256; 64; 640; 8; 4; 0],0.040334345248993486,0.4533534428991529,tvm
1500,250,5,640,640,64,320,40,4,1,[1500; 250; 5; 640; 640; 64; 320; 40; 4; 1],0.09772862202953547,0.18710705119926885,tvm
750,375,5,640,80,16,80,10,1,0,[750; 375; 5; 640; 80; 16; 80; 10; 1; 0],0.07373522850684822,0.24799155920451224,tvm
60,20,10,256,128,32,640,16,2,1,[60; 20; 10; 256; 128; 32; 640; 16; 2; 1],0.04610305977985263,0.3966269131166274,tvm
750,375,5,256,256,64,1280,2,4,0,[750; 375; 5; 256; 256; 64; 1280; 2; 4; 0],0.07158039254136384,0.25545702721799973,tvm
750,30,3,320,160,80,512,16,5,0,[750; 30; 3; 320; 160; 80; 512; 16; 5; 0],0.03077005676459521,0.5942697612035049,tvm
750,750,6,1280,80,16,128,32,1,1,[750; 750; 6; 1280; 80; 16; 128; 32; 1; 1],0.1281870419625193,0.1426486952640725,tvm
300,300,4,160,80,80,2560,16,5,0,[300; 300; 4; 160; 80; 80; 2560; 16; 5; 0],0.07090420601889491,0.2578932240048132,tvm
150,150,6,64,32,32,1280,5,2,1,[150; 150; 6; 64; 32; 32; 1280; 5; 2; 1],0.05040047294460237,0.3628083868540879,tvm
500,125,5,256,256,32,2560,1,2,1,[500; 125; 5; 256; 256; 32; 2560; 1; 2; 1],0.060642544529400766,0.3015327675910596,tvm
375,375,3,80,80,16,256,32,1,1,[375; 375; 3; 80; 80; 16; 256; 32; 1; 1],0.050279127433896065,0.36368400206935236,tvm
750,750,5,640,320,32,128,4,2,1,[750; 750; 5; 640; 320; 32; 128; 4; 2; 1],0.04701921547530219,0.3888987534323969,tvm
1500,150,10,640,640,32,32,1,2,1,[1500; 150; 10; 640; 640; 32; 32; 1; 2; 1],0.10734839108772576,0.17033990077011113,tvm
500,500,5,640,640,32,640,40,2,0,[500; 500; 5; 640; 640; 32; 640; 40; 2; 0],0.0613169715506956,0.29821620056033,tvm
100,20,5,1280,320,64,640,4,4,1,[100; 20; 5; 1280; 320; 64; 640; 4; 4; 1],0.044201627781149,0.41368870794194446,tvm
1500,150,5,640,320,80,320,5,5,1,[1500; 150; 5; 640; 320; 80; 320; 5; 5; 1],0.08585072949063033,0.21299427965501416,tvm
1500,100,4,320,80,80,40,10,5,1,[1500; 100; 4; 320; 80; 80; 40; 10; 5; 1],0.04985597974155098,0.36677073403242344,tvm
100,50,5,1280,320,32,40,2,2,1,[100; 50; 5; 1280; 320; 32; 40; 2; 2; 1],0.0325411357334815,0.5619261243823201,tvm
100,20,5,320,320,32,128,64,2,1,[100; 20; 5; 320; 320; 32; 128; 64; 2; 1],0.035467004287056625,0.5155697430128741,tvm
500,125,5,256,256,64,1280,1,4,1,[500; 125; 5; 256; 256; 64; 1280; 1; 4; 1],0.05297864053864032,0.3451525765818298,tvm
150,75,3,320,64,32,160,8,2,1,[150; 75; 3; 320; 64; 32; 160; 8; 2; 1],0.03531057224608958,0.5178538075870269,tvm
150,150,5,320,80,80,10,2,5,1,[150; 150; 5; 320; 80; 80; 10; 2; 5; 1],0.031563079508487135,0.5793387264635367,tvm
750,150,10,640,320,32,160,4,2,0,[750; 150; 10; 640; 320; 32; 160; 4; 2; 0],0.05361880699638277,0.34103172580747415,tvm
750,150,5,640,640,64,512,64,4,1,[750; 150; 5; 640; 640; 64; 512; 64; 4; 1],0.07953045703470707,0.2299209003380228,tvm
500,100,10,640,128,32,160,10,2,1,[500; 100; 10; 640; 128; 32; 160; 10; 2; 1],0.03619460144545883,0.5052055708713574,tvm
375,375,5,1280,320,64,80,2,4,1,[375; 375; 5; 1280; 320; 64; 80; 2; 4; 1],0.046401642728596926,0.3940747182738201,tvm
300,300,5,640,160,32,160,1,2,0,[300; 300; 5; 640; 160; 32; 160; 1; 2; 0],0.04520280653377995,0.40452608339814955,tvm
750,150,3,320,160,32,128,16,2,0,[750; 150; 3; 320; 160; 32; 128; 16; 2; 0],0.032429968006908894,0.5638523689514183,tvm
250,25,5,1280,640,80,160,4,5,1,[250; 25; 5; 1280; 640; 80; 160; 4; 5; 1],0.038953477749601007,0.4694244350467933,tvm
300,30,3,256,256,64,512,64,4,1,[300; 30; 3; 256; 256; 64; 512; 64; 4; 1],0.04284627176821232,0.42677492185633925,tvm
300,300,10,640,32,32,160,8,2,1,[300; 300; 10; 640; 32; 32; 160; 8; 2; 1],0.04721486853668466,0.3872872010965526,tvm
50,50,5,640,160,32,320,20,2,0,[50; 50; 5; 640; 160; 32; 320; 20; 2; 0],0.03156242071418092,0.5793508188520712,tvm
125,125,5,128,64,64,1024,1,4,0,[125; 125; 5; 128; 64; 64; 1024; 1; 4; 0],0.04570662847254425,0.4000670120899078,tvm
750,150,3,64,32,32,160,16,2,0,[750; 150; 3; 64; 32; 32; 160; 16; 2; 0],0.041384611278772354,0.44184815854712844,tvm
250,250,5,160,32,32,16,16,2,1,[250; 250; 5; 160; 32; 32; 16; 16; 2; 1],0.03321701649110764,0.5504923746119541,tvm
300,150,3,640,320,32,512,8,2,0,[300; 150; 3; 640; 320; 32; 512; 8; 2; 0],0.059169053100049496,0.3090418610349367,tvm
1500,500,4,256,32,32,256,64,2,1,[1500; 500; 4; 256; 32; 32; 256; 64; 2; 1],0.04731870978139341,0.38643729658293785,tvm
125,25,5,640,160,80,32,32,5,1,[125; 25; 5; 640; 160; 80; 32; 32; 5; 1],0.041046023019589484,0.44549295986574167,tvm
150,30,3,320,160,80,80,10,5,1,[150; 30; 3; 320; 160; 80; 80; 10; 5; 1],0.03190420725150034,0.5731442922736899,tvm
1500,60,4,128,64,64,32,1,4,0,[1500; 60; 4; 128; 64; 64; 32; 1; 4; 0],0.05275946797337383,0.34658640407334196,tvm
100,25,5,1280,1280,64,320,1,4,0,[100; 25; 5; 1280; 1280; 64; 320; 1; 4; 0],0.05268457904458046,0.3470790621718994,tvm
60,60,4,320,64,32,320,32,2,0,[60; 60; 4; 320; 64; 32; 320; 32; 2; 0],0.03068474371684715,0.5959220143551239,tvm
300,150,6,1280,1280,32,320,4,2,1,[300; 150; 6; 1280; 1280; 32; 320; 4; 2; 1],0.07083508151117712,0.2581448894475962,tvm
1500,750,5,256,64,32,640,8,2,1,[1500; 750; 5; 256; 64; 32; 640; 8; 2; 1],0.03669760673074052,0.4982808393986324,tvm
75,75,5,128,32,32,80,16,2,0,[75; 75; 5; 128; 32; 32; 80; 16; 2; 0],0.03475829277886078,0.5260820605330551,tvm
300,50,10,320,320,32,160,10,2,0,[300; 50; 10; 320; 320; 32; 160; 10; 2; 0],0.03848264302359894,0.4751678379912947,tvm
100,20,5,256,64,64,512,16,4,1,[100; 20; 5; 256; 64; 64; 512; 16; 4; 1],0.03397437126841396,0.5382208294966904,tvm
300,75,5,128,32,32,256,16,2,1,[300; 75; 5; 128; 32; 32; 256; 16; 2; 1],0.03648972400696948,0.5011195558021141,tvm
375,75,5,128,64,64,640,5,4,1,[375; 75; 5; 128; 64; 64; 640; 5; 4; 1],0.023220833856612444,0.7874701829670593,tvm
150,30,6,256,256,64,32,16,4,0,[150; 30; 6; 256; 256; 64; 32; 16; 4; 0],0.03351473720977083,0.5456021979603439,tvm
250,250,10,640,128,32,256,4,2,0,[250; 250; 10; 640; 128; 32; 256; 4; 2; 0],0.0338421335327439,0.5403239210087619,tvm
100,20,5,320,160,80,160,1,5,0,[100; 20; 5; 320; 160; 80; 160; 1; 5; 0],0.03401338623370975,0.5376034647086037,tvm
250,125,5,1280,1280,64,80,4,4,1,[250; 125; 5; 1280; 1280; 64; 80; 4; 4; 1],0.03258472046582028,0.5611745021687411,tvm
60,60,10,128,64,32,40,5,2,0,[60; 60; 10; 128; 64; 32; 40; 5; 2; 0],0.034686297236476094,0.5271740065262728,tvm
500,50,5,128,128,32,512,2,2,0,[500; 50; 5; 128; 128; 32; 512; 2; 2; 0],0.03391832223860547,0.5391102235859321,tvm
75,75,3,160,160,32,80,1,2,0,[75; 75; 3; 160; 160; 32; 80; 1; 2; 0],0.034330369788222015,0.5326395957432334,tvm
150,150,5,160,32,32,80,40,2,0,[150; 150; 5; 160; 32; 32; 80; 40; 2; 0],0.03334144502878189,0.5484379657189185,tvm
500,100,4,256,256,32,128,64,2,1,[500; 100; 4; 256; 256; 32; 128; 64; 2; 1],0.030710219754837453,0.5954276599676215,tvm
750,375,3,128,32,32,256,1,2,0,[750; 375; 3; 128; 32; 32; 256; 1; 2; 0],0.040690827765502036,0.44938172285639866,tvm
150,150,3,128,64,32,256,64,2,1,[150; 150; 3; 128; 64; 32; 256; 64; 2; 1],0.03374780376907438,0.5418342008516372,tvm
100,25,5,80,80,80,160,8,5,1,[100; 25; 5; 80; 80; 80; 160; 8; 5; 1],0.034523870213888586,0.5296542413242574,tvm
125,125,5,320,64,64,80,16,4,0,[125; 125; 5; 320; 64; 64; 80; 16; 4; 0],0.028555068012792617,0.6403666864852965,tvm
750,150,6,160,160,32,80,5,2,0,[750; 150; 6; 160; 160; 32; 80; 5; 2; 0],0.02744181198067963,0.6663450029680372,tvm
1500,30,5,128,64,64,40,40,4,0,[1500; 30; 5; 128; 64; 64; 40; 40; 4; 0],0.06310431205201894,0.28976964792264553,tvm
300,20,5,320,160,32,10,1,2,0,[300; 20; 5; 320; 160; 32; 10; 1; 2; 0],0.05122062691953033,0.35699903311300507,tvm
1500,20,4,64,32,32,640,32,2,1,[1500; 20; 4; 64; 32; 32; 640; 32; 2; 1],0.04629834450315684,0.39495395530757005,tvm
1500,60,4,320,80,80,64,32,5,1,[1500; 60; 4; 320; 80; 80; 64; 32; 5; 1],0.0554980804445222,0.329483725189258,tvm
1500,60,4,128,64,32,80,4,2,1,[1500; 60; 4; 128; 64; 32; 80; 4; 2; 1],0.05109439848456532,0.35788099729245404,tvm
100,25,5,1280,320,64,8,4,4,0,[100; 25; 5; 1280; 320; 64; 8; 4; 4; 0],0.03716762852855027,0.4919795803401376,tvm
300,60,4,1280,1280,32,320,16,2,1,[300; 60; 4; 1280; 1280; 32; 320; 16; 2; 1],0.08358782692812383,0.21876049369530748,tvm
300,300,5,640,32,32,64,64,2,0,[300; 300; 5; 640; 32; 32; 64; 64; 2; 0],0.04652004351373762,0.3930717364938495,tvm
100,20,5,1280,320,32,512,64,2,1,[100; 20; 5; 1280; 320; 32; 512; 64; 2; 1],0.05051675590220839,0.3619732494523646,tvm
300,30,5,1280,80,80,512,64,5,1,[300; 30; 5; 1280; 80; 80; 512; 64; 5; 1],0.09477837244048715,0.19293129661195837,tvm
300,25,5,1280,640,32,128,8,2,1,[300; 25; 5; 1280; 640; 32; 128; 8; 2; 1],0.053008965915068984,0.34495512164888625,tvm
1500,150,3,32,32,32,20,2,2,0,[1500; 150; 3; 32; 32; 32; 20; 2; 2; 0],0.0355970217497088,0.5136866340753317,tvm
1500,100,10,320,320,32,320,32,2,0,[1500; 100; 10; 320; 320; 32; 320; 32; 2; 0],0.060677809990011156,0.30135751914455217,tvm
300,75,5,1280,1280,32,160,10,2,1,[300; 75; 5; 1280; 1280; 32; 160; 10; 2; 1],0.04288353549782187,0.4264040749775179,tvm
300,150,3,1280,1280,80,64,16,5,1,[300; 150; 3; 1280; 1280; 80; 64; 16; 5; 1],0.04275901446817443,0.42764583125096023,tvm
250,25,5,640,160,32,320,4,2,1,[250; 25; 5; 640; 160; 32; 320; 4; 2; 1],0.04019429400796071,0.4549330878182037,tvm
500,50,5,1280,640,64,256,32,4,0,[500; 50; 5; 1280; 640; 64; 256; 32; 4; 0],0.06983099842909724,0.26185669254436694,tvm
500,100,4,1280,320,64,64,1,4,1,[500; 100; 4; 1280; 320; 64; 64; 1; 4; 1],0.06673090148251504,0.27402168829542256,tvm
250,50,10,1280,128,32,20,20,2,0,[250; 50; 10; 1280; 128; 32; 20; 20; 2; 0],0.06962715147528797,0.2626233286622998,tvm
60,20,4,640,640,80,512,16,5,0,[60; 20; 4; 640; 640; 80; 512; 16; 5; 0],0.05568562645930797,0.3283740427895966,tvm
1500,300,12,128,64,32,40,2,2,0,[1500; 300; 12; 128; 64; 32; 40; 2; 2; 0],0.05145654350053519,0.35536227351773253,tvm
1500,1500,3,32,32,32,80,8,2,1,[1500; 1500; 3; 32; 32; 32; 80; 8; 2; 1],0.042818497226107866,0.42705175263752315,tvm
1500,250,10,320,320,32,320,20,2,1,[1500; 250; 10; 320; 320; 32; 320; 20; 2; 1],0.047210390272084624,0.3873239382332872,tvm
300,60,3,640,128,32,160,40,2,0,[300; 60; 3; 640; 128; 32; 160; 40; 2; 0],0.05282878351863474,0.3461316552796302,tvm
300,150,5,640,640,64,80,5,4,0,[300; 150; 5; 640; 640; 64; 80; 5; 4; 0],0.0385224002529867,0.4746774387272654,tvm
50,25,5,160,32,32,320,8,2,0,[50; 25; 5; 160; 32; 32; 320; 8; 2; 0],0.03688505501486361,0.4957485973206675,tvm
500,50,10,320,32,32,32,4,2,0,[500; 50; 10; 320; 32; 32; 32; 4; 2; 0],0.046211594773922116,0.3956953741841687,tvm
150,30,10,320,64,32,512,32,2,0,[150; 30; 10; 320; 64; 32; 512; 32; 2; 0],0.04715456522535533,0.3877824808335193,tvm
75,25,5,1280,128,64,256,2,4,0,[75; 25; 5; 1280; 128; 64; 256; 2; 4; 0],0.037676492298487574,0.4853348379899028,tvm
150,50,10,640,32,32,16,4,2,1,[150; 50; 10; 640; 32; 32; 16; 4; 2; 1],0.047193613776471466,0.3874616250478935,tvm
300,75,5,640,320,64,160,5,4,0,[300; 75; 5; 640; 320; 64; 160; 5; 4; 0],0.038090902962721884,0.48005462888632017,tvm
500,50,5,640,640,80,20,5,5,1,[500; 50; 5; 640; 640; 80; 20; 5; 5; 1],0.034459687711205333,0.530640742857582,tvm
125,25,5,640,640,64,320,32,4,0,[125; 25; 5; 640; 640; 64; 320; 32; 4; 0],0.034242618014104664,0.5340045634998566,tvm
300,100,10,32,32,32,16,16,2,1,[300; 100; 10; 32; 32; 32; 16; 16; 2; 1],0.043382758216466755,0.4214972730519839,tvm
500,125,5,640,320,80,64,1,5,1,[500; 125; 5; 640; 320; 80; 64; 1; 5; 1],0.03195325349224731,0.5722645517193069,tvm
500,125,5,1280,640,64,80,16,4,1,[500; 125; 5; 1280; 640; 64; 80; 16; 4; 1],0.06147220847196877,0.2974631095945177,tvm
100,20,5,1280,1280,64,80,16,4,0,[100; 20; 5; 1280; 1280; 64; 80; 16; 4; 0],0.032613802526611835,0.5606740971339886,tvm
125,125,5,1280,32,32,320,5,2,1,[125; 125; 5; 1280; 32; 32; 320; 5; 2; 1],0.03770218003774062,0.48500416335102986,tvm
150,30,3,320,320,32,32,8,2,1,[150; 30; 3; 320; 320; 32; 32; 8; 2; 1],0.03333806950831786,0.5484934957362182,tvm
750,250,10,32,32,32,20,5,2,0,[750; 250; 10; 32; 32; 32; 20; 5; 2; 0],0.03567397949518636,0.512578482817754,tvm
750,375,3,128,32,32,80,8,2,0,[750; 375; 3; 128; 32; 32; 80; 8; 2; 0],0.0503481850028038,0.3631851731039756,tvm
60,30,10,320,320,32,512,4,2,0,[60; 30; 10; 320; 320; 32; 512; 4; 2; 0],0.043526787019800395,0.4201025515022758,tvm
750,75,5,64,32,32,640,2,2,0,[750; 75; 5; 64; 32; 32; 640; 2; 2; 0],0.027851472550537437,0.6565438955708442,tvm
250,125,5,1280,640,80,80,2,5,1,[250; 125; 5; 1280; 640; 80; 80; 2; 5; 1],0.032184286741539836,0.5681565800280158,tvm
250,50,5,160,32,32,640,1,2,1,[250; 50; 5; 160; 32; 32; 640; 1; 2; 1],0.04469849372981116,0.4090901674728881,tvm
60,60,3,128,32,32,40,5,2,0,[60; 60; 3; 128; 32; 32; 40; 5; 2; 0],0.043023413978517056,0.42501774254467395,tvm
375,75,5,320,64,32,40,10,2,1,[375; 75; 5; 320; 64; 32; 40; 10; 2; 1],0.02915550523903221,0.6271787827306835,tvm
1500,300,5,320,160,80,64,4,5,1,[1500; 300; 5; 320; 160; 80; 64; 4; 5; 1],0.04506721574580297,0.40574315459940974,tvm
300,150,5,256,32,32,40,10,2,1,[300; 150; 5; 256; 32; 32; 40; 10; 2; 1],0.04281839577015489,0.4270527645143521,tvm
150,75,5,256,128,32,40,10,2,0,[150; 75; 5; 256; 128; 32; 40; 10; 2; 0],0.03421944653382525,0.5343661612889974,tvm
750,750,3,256,64,64,320,64,4,0,[750; 750; 3; 256; 64; 64; 320; 64; 4; 0],0.04672982997726649,0.39130710072367203,tvm
500,250,10,256,64,32,160,40,2,1,[500; 250; 10; 256; 64; 32; 160; 40; 2; 1],0.03143280849326402,0.5817397541690515,tvm
500,500,4,320,320,64,32,16,4,1,[500; 500; 4; 320; 320; 64; 32; 16; 4; 1],0.032728887745179236,0.558702588003702,tvm
300,60,6,256,256,32,128,2,2,0,[300; 60; 6; 256; 256; 32; 128; 2; 2; 0],0.03522394475294277,0.5191273837717059,tvm
300,60,10,160,160,32,40,8,2,1,[300; 60; 10; 160; 160; 32; 40; 8; 2; 1],0.030035652220249176,0.6088003067696524,tvm
100,50,5,320,64,64,160,5,4,0,[100; 50; 5; 320; 64; 64; 160; 5; 4; 0],0.029088793962728232,0.6286171337713059,tvm
500,500,5,256,128,32,256,16,2,0,[500; 500; 5; 256; 128; 32; 256; 16; 2; 0],0.025596663530450314,0.7143788198786623,tvm
60,60,3,128,64,64,160,1,4,1,[60; 60; 3; 128; 64; 64; 160; 1; 4; 1],0.03383361001033336,0.5404600419561945,tvm
300,100,4,128,128,64,40,20,4,1,[300; 100; 4; 128; 128; 64; 40; 20; 4; 1],0.03438269975595176,0.5318289260443828,tvm
375,75,5,256,256,64,256,64,4,1,[375; 75; 5; 256; 256; 64; 256; 64; 4; 1],0.032603660540189594,0.5608485054361921,tvm
750,50,5,80,80,80,512,16,5,1,[750; 50; 5; 80; 80; 80; 512; 16; 5; 1],0.025398624478839338,0.7199489996377121,tvm
300,300,10,256,256,32,160,1,2,0,[300; 300; 10; 256; 256; 32; 160; 1; 2; 0],0.03453765151789412,0.5294428973041312,tvm
60,60,5,160,160,80,256,8,5,1,[60; 60; 5; 160; 160; 80; 256; 8; 5; 1],0.02431879288633354,0.7519170203546711,tvm
300,150,6,128,128,64,80,5,4,0,[300; 150; 6; 128; 128; 64; 80; 5; 4; 0],0.027183183236047626,0.6726848039439912,tvm
150,15,5,640,640,64,160,1,4,0,[150; 15; 5; 640; 640; 64; 160; 1; 4; 0],0.044888584525324404,0.4073577832555222,tvm
300,300,5,1280,160,80,20,4,5,0,[300; 300; 5; 1280; 160; 80; 20; 4; 5; 0],0.04461523599456996,0.40985358203506556,tvm
1500,25,5,256,64,32,256,1,2,0,[1500; 25; 5; 256; 64; 32; 256; 1; 2; 0],0.058339647483080626,0.31343546069621725,tvm
30,30,5,320,32,32,10,10,2,0,[30; 30; 5; 320; 32; 32; 10; 10; 2; 0],0.042506902769673616,0.4301822314553616,tvm
150,150,10,128,128,32,8,2,2,0,[150; 150; 10; 128; 128; 32; 8; 2; 2; 0],0.039800366503186524,0.4594358266587893,tvm
300,20,5,80,80,80,10,1,5,0,[300; 20; 5; 80; 80; 80; 10; 1; 5; 0],0.03978443052619696,0.45961985741315675,tvm
60,30,6,160,160,32,10,1,2,0,[60; 30; 6; 160; 160; 32; 10; 1; 2; 0],0.03665745351463556,0.4988266377645048,tvm
300,300,4,256,256,32,8,2,2,1,[300; 300; 4; 256; 256; 32; 8; 2; 2; 1],0.04084322601556778,0.4477049457049381,tvm
750,75,5,128,64,64,8,1,4,1,[750; 75; 5; 128; 64; 64; 8; 1; 4; 1],0.03771132725523785,0.48488652128186566,tvm
500,50,10,640,320,32,40,10,2,0,[500; 50; 10; 640; 320; 32; 40; 10; 2; 0],0.04236322472570464,0.43164122665617344,tvm
500,50,5,640,320,32,32,2,2,1,[500; 50; 5; 640; 320; 32; 32; 2; 2; 1],0.03774163353955373,0.484497160583964,tvm
250,50,5,640,32,32,10,5,2,1,[250; 50; 5; 640; 32; 32; 10; 5; 2; 1],0.04658416350139305,0.39253069951910746,tvm
750,75,3,256,32,32,64,32,2,0,[750; 75; 3; 256; 32; 32; 64; 32; 2; 0],0.06530708202626556,0.27999588587283747,tvm
375,375,3,640,80,80,256,4,5,1,[375; 375; 3; 640; 80; 80; 256; 4; 5; 1],0.024706229014554992,0.740125669317716,tvm
500,500,4,640,128,64,160,2,4,0,[500; 500; 4; 640; 128; 64; 160; 2; 4; 0],0.031974537239875644,0.5718836256654266,tvm
500,20,10,256,256,32,160,1,2,0,[500; 20; 10; 256; 256; 32; 160; 1; 2; 0],0.04202421323861927,0.4351232986061032,tvm
300,60,5,640,320,64,16,4,4,0,[300; 60; 5; 640; 320; 64; 16; 4; 4; 0],0.04244526050752029,0.43080697507969107,tvm
500,20,5,160,160,32,64,1,2,0,[500; 20; 5; 160; 160; 32; 64; 1; 2; 0],0.036712398985400796,0.49808007079531524,tvm
1500,300,4,320,160,80,640,2,5,0,[1500; 300; 4; 320; 160; 80; 640; 2; 5; 0],0.044709906447678804,0.40898574250234476,tvm
75,25,5,1280,32,32,160,1,2,1,[75; 25; 5; 1280; 32; 32; 160; 1; 2; 1],0.04524698469322175,0.4041311130386461,tvm
100,20,4,1280,1280,32,16,2,2,1,[100; 20; 4; 1280; 1280; 32; 16; 2; 2; 1],0.035143557004630566,0.5203148413037683,tvm
1500,250,5,128,64,32,160,1,2,1,[1500; 250; 5; 128; 64; 32; 160; 1; 2; 1],0.04424931004177779,0.41324292443091004,tvm
100,20,4,320,32,32,160,4,2,1,[100; 20; 4; 320; 32; 32; 160; 4; 2; 1],0.0378333322587423,0.4833228582842827,tvm
375,25,5,64,64,64,64,64,4,1,[375; 25; 5; 64; 64; 64; 64; 64; 4; 1],0.04075845127226785,0.4486361408475776,tvm
100,20,4,640,128,32,128,4,2,1,[100; 20; 4; 640; 128; 32; 128; 4; 2; 1],0.037351555947680026,0.4895569628030461,tvm
150,150,5,1280,32,32,80,8,2,0,[150; 150; 5; 1280; 32; 32; 80; 8; 2; 0],0.05191779148299247,0.35220516442238164,tvm
250,250,5,1280,640,32,40,20,2,1,[250; 250; 5; 1280; 640; 32; 40; 20; 2; 1],0.035300905525218695,0.5179956155133503,tvm
500,100,5,640,320,80,320,16,5,1,[500; 100; 5; 640; 320; 80; 320; 16; 5; 1],0.030606419721152633,0.5974470209946415,tvm
30,30,10,160,160,32,256,64,2,1,[30; 30; 10; 160; 160; 32; 256; 64; 2; 1],0.03960200073197484,0.4617371331683835,tvm
50,50,5,1280,160,80,10,2,5,0,[50; 50; 5; 1280; 160; 80; 10; 2; 5; 0],0.03552911273436621,0.5146684754676433,tvm
100,50,5,1280,640,80,8,2,5,1,[100; 50; 5; 1280; 640; 80; 8; 2; 5; 1],0.03473947901511565,0.5263669693422262,tvm
75,75,5,640,64,32,40,20,2,1,[75; 75; 5; 640; 64; 32; 40; 20; 2; 1],0.030942024022806436,0.5909669733381513,tvm
300,60,12,320,160,32,16,16,2,1,[300; 60; 12; 320; 160; 32; 16; 16; 2; 1],0.044852927210740745,0.40768162576768197,tvm
750,25,5,128,128,64,320,64,4,0,[750; 25; 5; 128; 128; 64; 320; 64; 4; 0],0.038473006221465766,0.47528685906306667,tvm
750,75,3,320,160,32,640,20,2,0,[750; 75; 3; 320; 160; 32; 640; 20; 2; 0],0.03146638203179464,0.5811190580231886,tvm
20,20,4,64,64,64,160,40,4,1,[20; 20; 4; 64; 64; 64; 160; 40; 4; 1],0.036119045747909695,0.5062623861476886,tvm
150,50,5,32,32,32,80,5,2,1,[150; 50; 5; 32; 32; 32; 80; 5; 2; 1],0.036503478477243334,0.5009307345083237,tvm
25,25,5,320,320,64,640,20,4,1,[25; 25; 5; 320; 320; 64; 640; 20; 4; 1],0.0387291784863919,0.472143097281014,tvm
500,25,5,320,320,80,40,20,5,0,[500; 25; 5; 320; 320; 80; 40; 20; 5; 0],0.038649792259093374,0.47311287375450495,tvm
150,50,10,64,32,32,640,2,2,1,[150; 50; 10; 64; 32; 32; 640; 2; 2; 1],0.03589620877755806,0.5094051686357008,tvm
125,125,5,640,320,64,320,64,4,1,[125; 125; 5; 640; 320; 64; 320; 64; 4; 1],0.02715428324881941,0.6734007345419178,tvm
125,125,5,320,160,80,10,2,5,1,[125; 125; 5; 320; 160; 80; 10; 2; 5; 1],0.030658799514640123,0.5964262976762196,tvm
250,250,5,160,80,80,10,10,5,0,[250; 250; 5; 160; 80; 80; 10; 10; 5; 0],0.042972296476364136,0.42552332049025815,tvm
750,30,5,160,160,80,40,20,5,1,[750; 30; 5; 160; 160; 80; 40; 20; 5; 1],0.027493342757225037,0.6650960724268039,tvm
1500,1500,12,256,128,32,512,4,2,0,[1500; 1500; 12; 256; 128; 32; 512; 4; 2; 0],0.03837971098255366,0.47644220911477053,tvm
150,75,3,160,32,32,512,8,2,0,[150; 75; 3; 160; 32; 32; 512; 8; 2; 0],0.03701329976320267,0.4940309132852107,tvm
1500,100,5,256,256,64,256,64,4,1,[1500; 100; 5; 256; 256; 64; 256; 64; 4; 1],0.04072972777066752,0.448952528940868,tvm
500,100,10,256,32,32,256,64,2,1,[500; 100; 10; 256; 32; 32; 256; 64; 2; 1],0.03633010172052309,0.5033213071182947,tvm
300,30,3,320,160,80,256,1,5,1,[300; 30; 3; 320; 160; 80; 256; 1; 5; 1],0.040595684258732945,0.4504349321758424,tvm
750,375,5,32,32,32,320,32,2,0,[750; 375; 5; 32; 32; 32; 320; 32; 2; 0],0.028345678001642227,0.6450970862173376,tvm
300,50,5,320,160,32,128,4,2,0,[300; 50; 5; 320; 160; 32; 128; 4; 2; 0],0.035214414237998426,0.5192678816728101,tvm
250,250,10,128,32,32,128,32,2,1,[250; 250; 10; 128; 32; 32; 128; 32; 2; 1],0.033801088749896735,0.5409800382767301,tvm
500,50,10,128,128,32,80,4,2,0,[500; 50; 10; 128; 128; 32; 80; 4; 2; 0],0.03346153878374025,0.546469617069725,tvm
150,30,5,256,128,64,320,1,4,1,[150; 30; 5; 256; 128; 64; 320; 1; 4; 1],0.03737006353912875,0.4893145088332007,tvm
300,300,10,64,64,32,40,1,2,0,[300; 300; 10; 64; 64; 32; 40; 1; 2; 0],0.03423913550795987,0.534058877785137,tvm
60,60,5,320,320,32,256,4,2,0,[60; 60; 5; 320; 320; 32; 256; 4; 2; 0],0.029216162743978202,0.6258766575868417,tvm
750,750,6,320,320,32,32,16,2,1,[750; 750; 6; 320; 320; 32; 32; 16; 2; 1],0.02666117053013295,0.6858556440741203,tvm
375,125,5,160,160,32,20,4,2,1,[375; 125; 5; 160; 160; 32; 20; 4; 2; 1],0.024744174850638956,0.7389906673425445,tvm
300,300,10,256,256,32,32,1,2,0,[300; 300; 10; 256; 256; 32; 32; 1; 2; 0],0.04153151175705716,0.4402853041487738,tvm
750,750,5,320,320,32,80,4,2,0,[750; 750; 5; 320; 320; 32; 80; 4; 2; 0],0.02763560600578785,0.6616722745969322,tvm
375,75,5,256,64,64,80,8,4,0,[375; 75; 5; 256; 64; 64; 80; 8; 4; 0],0.03602458973182365,0.5075897996851002,tvm
750,750,10,256,256,32,512,32,2,1,[750; 750; 10; 256; 256; 32; 512; 32; 2; 1],0.04203406721353531,0.43502129339095075,tvm
500,500,5,256,64,64,512,32,4,0,[500; 500; 5; 256; 64; 64; 512; 32; 4; 0],0.024361166375456378,0.7506091458796881,tvm
300,60,4,80,80,80,160,5,5,0,[300; 60; 4; 80; 80; 80; 160; 5; 5; 0],0.030199826986063272,0.605490696822629,tvm
