kc,ku,mc,mr,nc,nr,pack_c,X,time,peak,backend
3072,4,197,1,48,48,1,[3072; 4; 197; 1; 48; 48; 1],0.011385163583327085,0.07593642068478075,tvm
12,12,197,1,12,3,1,[12; 12; 197; 1; 12; 3; 1],0.01641342812217772,0.05267324808644934,tvm
24,4,1,1,16,16,0,[24; 4; 1; 1; 16; 16; 0],0.002910117640567478,0.2970837190141849,tvm
8,1,197,1,128,4,1,[8; 1; 197; 1; 128; 4; 1],0.016050510108470917,0.05386424266804404,tvm
128,8,197,1,768,384,1,[128; 8; 197; 1; 768; 384; 1],0.020264088117983192,0.04266407481032098,tvm
512,2,1,1,3,3,0,[512; 2; 1; 1; 3; 3; 0],0.03839322458952665,0.022518258903015217,tvm
768,6,1,1,768,16,0,[768; 6; 1; 1; 768; 16; 0],0.11294357758015394,0.007654694405399169,tvm
256,2,197,1,768,6,0,[256; 2; 197; 1; 768; 6; 0],0.14880316192284226,0.005810014789046344,tvm
48,16,1,1,128,8,0,[48; 16; 1; 1; 128; 8; 0],0.01164679869543761,0.07423057563167466,tvm
256,8,197,1,48,24,0,[256; 8; 197; 1; 48; 24; 0],0.004893123244983144,0.17668644915391857,tvm
384,2,1,1,128,4,1,[384; 2; 1; 1; 128; 4; 1],0.06909568700939417,0.012512337728272798,tvm
48,48,197,1,768,16,0,[48; 48; 197; 1; 768; 16; 0],0.03351421083789319,0.025796477070886618,tvm
64,1,1,1,192,32,1,[64; 1; 1; 1; 192; 32; 1],0.0061973680421942845,0.13950253810042612,tvm
96,3,1,1,48,16,0,[96; 3; 1; 1; 48; 16; 0],0.008894992439309135,0.09719497541199934,tvm
64,32,197,1,256,2,0,[64; 32; 197; 1; 256; 2; 0],0.09149379562586546,0.009449258996357146,tvm
768,64,197,1,24,3,0,[768; 64; 197; 1; 24; 3; 0],0.03800366190262139,0.022749085960291033,tvm
24,3,1,1,384,96,1,[24; 3; 1; 1; 384; 96; 1],0.008923536690417677,0.09688407202459826,tvm
64,2,1,1,48,48,1,[64; 2; 1; 1; 48; 48; 1],0.0028380565490806475,0.3046269714775877,tvm
768,1,197,1,96,3,0,[768; 1; 197; 1; 96; 3; 0],0.11398862907662988,0.00758451591559515,tvm
768,24,197,1,32,32,1,[768; 24; 197; 1; 32; 32; 1],0.010760577744804323,0.08034406626967713,tvm
1024,8,1,1,384,8,0,[1024; 8; 1; 1; 384; 8; 0],0.1587259848602116,0.005446799225659054,tvm
24,12,197,1,768,16,0,[24; 12; 197; 1; 768; 16; 0],0.022868821397423744,0.03780468422067287,tvm
12,6,197,1,8,2,0,[12; 6; 197; 1; 8; 2; 0],0.01841762609547004,0.046941368390642585,tvm
24,8,1,1,192,3,1,[24; 8; 1; 1; 192; 3; 1],0.009223001194186509,0.09373831285780579,tvm
48,4,197,1,48,48,0,[48; 4; 197; 1; 48; 48; 0],0.0031213362817652524,0.27698027171222683,tvm
512,32,197,1,128,1,1,[512; 32; 197; 1; 128; 1; 1],0.1421565841883421,0.006081663936741319,tvm
256,32,197,1,64,1,0,[256; 32; 197; 1; 64; 1; 0],0.13654214888811111,0.0063317340357446844,tvm
12,1,197,1,768,1,1,[12; 1; 197; 1; 768; 1; 1],0.2701231287792325,0.00320057218104842,tvm
96,48,1,1,384,2,0,[96; 48; 1; 1; 384; 2; 0],0.16564984992146492,0.005219132838565543,tvm
128,8,1,1,384,24,1,[128; 8; 1; 1; 384; 24; 1],0.018537557974923402,0.046637673236037104,tvm
6,6,197,1,384,16,1,[6; 6; 197; 1; 384; 16; 1],0.026561853475868702,0.03254850314621339,tvm
128,64,197,1,768,192,1,[128; 64; 197; 1; 768; 192; 1],0.021106778003741056,0.04096070803773722,tvm
24,24,1,1,96,24,1,[24; 24; 1; 1; 96; 24; 1],0.0037272333429427817,0.23195450670281348,tvm
3,1,197,1,192,12,1,[3; 1; 197; 1; 192; 12; 1],0.03163864847738296,0.027325711211924814,tvm
24,6,1,1,192,192,1,[24; 6; 1; 1; 192; 192; 1],0.0024670568309375085,0.35043723378680075,tvm
3072,2,197,1,32,1,0,[3072; 2; 197; 1; 32; 1; 0],0.2576275933533907,0.003355807350351095,tvm
32,2,1,1,768,64,1,[32; 2; 1; 1; 768; 64; 1],0.021602380031254143,0.04002098704761928,tvm
1,1,1,1,768,32,0,[1; 1; 1; 1; 768; 32; 0],0.04969846201129258,0.01739588181284417,tvm
768,32,197,1,24,6,0,[768; 32; 197; 1; 24; 6; 0],0.019728111219592392,0.04382318012126627,tvm
128,16,197,1,48,3,0,[128; 16; 197; 1; 48; 3; 0],0.06999093992635608,0.01235229263013531,tvm
128,64,1,1,192,4,1,[128; 64; 1; 1; 192; 4; 1],0.04469066846650094,0.01934516983286156,tvm
768,8,1,1,192,192,0,[768; 8; 1; 1; 192; 192; 0],0.0048424295673612505,0.17853611692274618,tvm
384,4,1,1,192,16,1,[384; 4; 1; 1; 192; 16; 1],0.013147716876119375,0.06575655526921781,tvm
3072,1,1,1,768,192,1,[3072; 1; 1; 1; 768; 192; 1],0.09540412202477455,0.009061962450679702,tvm
768,48,1,1,32,16,1,[768; 48; 1; 1; 32; 16; 1],0.006810560007579625,0.12694236163639935,tvm
32,4,1,1,192,16,1,[32; 4; 1; 1; 192; 16; 1],0.006350720184855163,0.1361339417048003,tvm
4,4,1,1,768,4,0,[4; 4; 1; 1; 768; 4; 0],0.0458933167392388,0.018838223794999373,tvm
192,3,1,1,64,8,1,[192; 3; 1; 1; 64; 8; 1],0.016125508409459144,0.053613724880849735,tvm
24,6,1,1,192,192,1,[24; 6; 1; 1; 192; 192; 1],0.0026295441275578924,0.3287826822786557,tvm
192,64,197,1,64,2,1,[192; 64; 197; 1; 64; 2; 1],0.06442132638767362,0.013420223083050246,tvm
16,8,197,1,192,16,1,[16; 8; 197; 1; 192; 16; 1],0.008739784563658759,0.09892103920083851,tvm
24,1,1,1,256,1,0,[24; 1; 1; 1; 256; 1; 0],0.01764548837672919,0.04899544591629071,tvm
3072,6,197,1,24,2,0,[3072; 6; 197; 1; 24; 2; 0],0.23541897721588612,0.003672382667076813,tvm
1024,32,197,1,64,2,0,[1024; 32; 197; 1; 64; 2; 0],0.19701577117666602,0.004388220121998873,tvm
96,12,1,1,12,3,0,[96; 12; 1; 1; 12; 3; 0],0.06676802900619805,0.012948541155053651,tvm
768,64,1,1,384,96,1,[768; 64; 1; 1; 384; 96; 1],0.028358872747048736,0.03048599918410169,tvm
384,8,1,1,4,1,1,[384; 8; 1; 1; 4; 1; 1],0.10432343790307641,0.008287194026636621,tvm
384,1,1,1,768,64,1,[384; 1; 1; 1; 768; 64; 1],0.04363400174770504,0.019813643874046983,tvm
192,16,1,1,128,16,1,[192; 16; 1; 1; 128; 16; 1],0.008137285389238968,0.10624532999320396,tvm
192,8,197,1,48,48,0,[192; 8; 197; 1; 48; 48; 0],0.005562202582950704,0.15543277299510644,tvm
768,6,197,1,768,192,0,[768; 6; 197; 1; 768; 192; 0],0.019526275107637048,0.0442761646377927,tvm
12,6,1,1,384,192,1,[12; 6; 1; 1; 384; 192; 1],0.006096488970797509,0.14181089731643948,tvm
24,2,1,1,256,16,1,[24; 2; 1; 1; 256; 16; 1],0.007165155693655834,0.12066012357471301,tvm
32,16,197,1,768,4,1,[32; 16; 197; 1; 768; 4; 1],0.10431657638400793,0.008287739124470629,tvm
48,48,1,1,256,128,1,[48; 48; 1; 1; 256; 128; 1],0.007532457500929013,0.1147764287182427,tvm
12,3,197,1,32,16,0,[12; 3; 197; 1; 32; 16; 0],0.00449280152679421,0.1924297270361419,tvm
64,32,197,1,64,32,0,[64; 32; 197; 1; 64; 32; 0],0.009069506573723629,0.09532476374551183,tvm
64,32,1,1,192,24,0,[64; 32; 1; 1; 192; 24; 0],0.025107685243710876,0.034433623133185036,tvm
6,3,197,1,256,64,0,[6; 3; 197; 1; 256; 64; 0],0.012215808557812124,0.07077293061175917,tvm
3,1,197,1,256,128,0,[3; 1; 197; 1; 256; 128; 0],0.02173589513404295,0.039775153776598224,tvm
12,6,1,1,192,16,1,[12; 6; 1; 1; 192; 16; 1],0.00439883884973824,0.19654017820635045,tvm
64,64,1,1,192,32,0,[64; 64; 1; 1; 192; 32; 0],0.014268664119299501,0.0605907157250412,tvm
6,3,197,1,256,256,0,[6; 3; 197; 1; 256; 256; 0],0.017906229593791068,0.04828199967503773,tvm
4,4,1,1,128,16,1,[4; 4; 1; 1; 128; 16; 1],0.002190957049606368,0.39459859406367553,tvm
32,1,1,1,64,16,0,[32; 1; 1; 1; 64; 16; 0],0.010770231077913195,0.08027205406962201,tvm
2,1,1,1,96,16,0,[2; 1; 1; 1; 96; 16; 0],0.016000272647943348,0.05403336495892145,tvm
24,2,1,1,128,16,0,[24; 2; 1; 1; 128; 16; 0],0.00844233442330733,0.10240634024657363,tvm
1,1,1,1,64,16,1,[1; 1; 1; 1; 64; 16; 1],0.01742456411011517,0.04961665416506405,tvm
8,2,1,1,64,16,0,[8; 2; 1; 1; 64; 16; 0],0.00797296388191171,0.10843502921040137,tvm
3,1,1,1,64,16,0,[3; 1; 1; 1; 64; 16; 0],0.00935773749370128,0.09238863261664496,tvm
32,32,197,1,96,32,0,[32; 32; 197; 1; 96; 32; 0],0.0029666006230399944,0.29142735449931706,tvm
6,6,1,1,16,16,1,[6; 6; 1; 1; 16; 16; 1],0.004638278842321597,0.1863942640834933,tvm
32,16,197,1,96,32,1,[32; 16; 197; 1; 96; 32; 1],0.0024322901444975287,0.3554463160509056,tvm
48,16,197,1,24,24,1,[48; 16; 197; 1; 24; 24; 1],0.009673505410319194,0.0893728317458029,tvm
48,8,197,1,96,24,1,[48; 8; 197; 1; 96; 24; 1],0.0046729780588066205,0.18501019276117867,tvm
2,2,197,1,192,24,0,[2; 2; 197; 1; 192; 24; 0],0.030198775697499514,0.028628596738117327,tvm
64,2,197,1,192,96,0,[64; 2; 197; 1; 192; 96; 0],0.005729772878112271,0.1508870577979009,tvm
64,1,197,1,192,48,1,[64; 1; 197; 1; 192; 48; 1],0.011230386124225333,0.07698297831128291,tvm
48,48,197,1,192,96,1,[48; 48; 197; 1; 192; 96; 1],0.002941257684142329,0.29393839787984233,tvm
4,4,197,1,192,32,0,[4; 4; 197; 1; 192; 32; 0],0.009197435138048604,0.09399887669248629,tvm
32,4,197,1,96,32,1,[32; 4; 197; 1; 96; 32; 1],0.004482827280298807,0.19285788128132925,tvm
32,16,197,1,192,64,1,[32; 16; 197; 1; 192; 64; 1],0.007650552870472893,0.11300471822961629,tvm
12,6,197,1,128,32,0,[12; 6; 197; 1; 128; 32; 0],0.0046568559628212824,0.18565070045773938,tvm
6,2,197,1,24,24,1,[6; 2; 197; 1; 24; 24; 1],0.007654252200154588,0.11295010261238984,tvm
3,3,197,1,24,24,1,[3; 3; 197; 1; 24; 24; 1],0.007962297298945487,0.10858029271816699,tvm
32,32,1,1,32,32,0,[32; 32; 1; 1; 32; 32; 0],0.005103873161715455,0.169390685080816,tvm
2,2,197,1,96,32,0,[2; 2; 197; 1; 96; 32; 0],0.006568402575794607,0.13162234827300964,tvm
4,1,1,1,192,24,1,[4; 1; 1; 1; 192; 24; 1],0.00533528602682054,0.1620435281412236,tvm
48,8,197,1,192,64,0,[48; 8; 197; 1; 192; 64; 0],0.009286269312724471,0.09309966600300158,tvm
64,8,1,1,192,48,1,[64; 8; 1; 1; 192; 48; 1],0.01072431358625181,0.08061574892186033,tvm
8,4,1,1,192,24,1,[8; 4; 1; 1; 192; 24; 1],0.006601559376576915,0.13096126568157337,tvm
1,1,1,1,192,32,0,[1; 1; 1; 1; 192; 32; 0],0.09200889593921602,0.009396358499940262,tvm
48,2,197,1,192,64,0,[48; 2; 197; 1; 192; 64; 0],0.011475984560092911,0.07533545962016978,tvm
16,16,197,1,192,192,1,[16; 16; 197; 1; 192; 192; 1],0.005009848406189121,0.17256980677509443,tvm
24,24,197,1,192,64,1,[24; 24; 197; 1; 192; 64; 1],0.002991973546158988,0.28895595435275645,tvm
6,3,1,1,128,32,0,[6; 3; 1; 1; 128; 32; 0],0.011949099425692111,0.0723526134170145,tvm
48,16,197,1,48,48,0,[48; 16; 197; 1; 48; 48; 0],0.006081278537749313,0.1421655933142871,tvm
32,8,197,1,96,96,1,[32; 8; 197; 1; 96; 96; 1],0.0014810659522481728,0.5837340127333536,tvm
32,1,1,1,64,32,0,[32; 1; 1; 1; 64; 32; 0],0.007653923501493409,0.11295495326807008,tvm
6,2,1,1,96,24,0,[6; 2; 1; 1; 96; 24; 0],0.013037323136813939,0.06631334993817219,tvm
8,8,197,1,128,64,1,[8; 8; 197; 1; 128; 64; 1],0.005106294091092423,0.1693103757844102,tvm
24,12,1,1,24,24,1,[24; 12; 1; 1; 24; 24; 1],0.006964428874198347,0.12413775587995889,tvm
6,1,1,1,24,24,0,[6; 1; 1; 1; 24; 24; 0],0.007388712896499783,0.11700936056645665,tvm
2,1,1,1,48,24,0,[2; 1; 1; 1; 48; 24; 0],0.014004294527694583,0.0617345321978811,tvm
6,3,1,1,48,24,1,[6; 3; 1; 1; 48; 24; 1],0.006782604003092274,0.1274655826927848,tvm
8,1,1,1,64,32,0,[8; 1; 1; 1; 64; 32; 0],0.0072265491471625865,0.11963505039857447,tvm
32,8,1,1,192,192,0,[32; 8; 1; 1; 192; 192; 0],0.011685669625876471,0.07398365682991204,tvm
8,1,197,1,96,96,1,[8; 1; 197; 1; 96; 96; 1],0.0027131412061862648,0.3186522579279339,tvm
24,3,1,1,64,32,1,[24; 3; 1; 1; 64; 32; 1],0.009475962520809844,0.09123596357942164,tvm
24,24,1,1,192,96,1,[24; 24; 1; 1; 192; 96; 1],0.005585769118624739,0.15477699723497165,tvm
48,6,1,1,128,64,0,[48; 6; 1; 1; 128; 64; 0],0.004599076622980647,0.1879830762350422,tvm
4,2,1,1,192,64,1,[4; 2; 1; 1; 192; 64; 1],0.003466369875241071,0.24941036373634126,tvm
16,8,1,1,128,64,1,[16; 8; 1; 1; 128; 64; 1],0.0023041604581521824,0.37521196424050024,tvm
6,3,1,1,192,48,0,[6; 3; 1; 1; 192; 48; 0],0.018407160881906748,0.04696805645233298,tvm
16,1,1,1,96,96,1,[16; 1; 1; 1; 96; 96; 1],0.00597299613582436,0.14474286468113565,tvm
12,2,1,1,96,96,0,[12; 2; 1; 1; 96; 96; 0],0.0054486092121806,0.15867325729579504,tvm
24,6,1,1,192,96,1,[24; 6; 1; 1; 192; 96; 1],0.008151562768034637,0.1060592423846374,tvm
24,4,1,1,48,48,1,[24; 4; 1; 1; 48; 48; 1],0.007718743989244103,0.11200637987647996,tvm
16,2,1,1,48,24,1,[16; 2; 1; 1; 48; 24; 1],0.0035159148246748373,0.2458957666895493,tvm
64,32,197,1,96,24,0,[64; 32; 197; 1; 96; 24; 0],0.0063710836111567914,0.13569882679213435,tvm
64,8,197,1,48,24,0,[64; 8; 197; 1; 48; 24; 0],0.009613493457436562,0.08993073904469097,tvm
8,8,197,1,256,128,1,[8; 8; 197; 1; 256; 128; 1],0.003911392312147655,0.22103345878743313,tvm
32,1,1,1,96,16,1,[32; 1; 1; 1; 96; 16; 1],0.009528849885100499,0.0907295824630837,tvm
48,1,1,1,96,24,1,[48; 1; 1; 1; 96; 24; 1],0.009068470826605335,0.09533565117639618,tvm
1024,1,1,1,64,64,1,[1024; 1; 1; 1; 64; 64; 1],0.011433176085120067,0.075617533132701,tvm
384,64,1,1,64,64,1,[384; 64; 1; 1; 64; 64; 1],0.009135963948210701,0.09463134665695513,tvm
768,1,1,1,192,96,1,[768; 1; 1; 1; 192; 96; 1],0.004919162689475343,0.17575116457894188,tvm
1536,6,1,1,64,64,1,[1536; 6; 1; 1; 64; 64; 1],0.025588393327780068,0.03378674699712284,tvm
1024,64,197,1,64,64,1,[1024; 64; 197; 1; 64; 64; 1],0.007627702143508941,0.11334325268118776,tvm
768,32,1,1,192,96,1,[768; 32; 1; 1; 192; 96; 1],0.005196494559640996,0.16637149553530936,tvm
1536,16,197,1,64,64,1,[1536; 16; 197; 1; 64; 64; 1],0.04140252817887813,0.020881540559390975,tvm
1536,8,1,1,64,64,1,[1536; 8; 1; 1; 64; 64; 1],0.027088988455943763,0.0319151293830935,tvm
4,4,197,1,192,24,1,[4; 4; 197; 1; 192; 24; 1],0.013530781609006226,0.06389494682650994,tvm
48,24,197,1,192,64,0,[48; 24; 197; 1; 192; 64; 0],0.011404896038584411,0.07580503745967335,tvm
192,1,1,1,192,96,1,[192; 1; 1; 1; 192; 96; 1],0.00500419846503064,0.17276464502158345,tvm
512,8,1,1,192,192,1,[512; 8; 1; 1; 192; 192; 1],0.004883416084339842,0.17703766308199892,tvm
3,3,197,1,96,48,1,[3; 3; 197; 1; 96; 48; 1],0.0071422534238081425,0.1210470309757795,tvm
16,2,197,1,96,24,1,[16; 2; 197; 1; 96; 24; 1],0.009546517889248207,0.09056166672062403,tvm
256,16,197,1,64,64,1,[256; 16; 197; 1; 64; 64; 1],0.006773388013243675,0.12763901458740615,tvm
256,8,1,1,64,64,1,[256; 8; 1; 1; 64; 64; 1],0.010300441324943677,0.08393315821672319,tvm
512,8,197,1,192,96,1,[512; 8; 197; 1; 192; 96; 1],0.009933784051099792,0.08703114210871689,tvm
768,16,197,1,128,64,1,[768; 16; 197; 1; 128; 64; 1],0.008743539190618321,0.09887856079563505,tvm
192,12,1,1,192,192,1,[192; 12; 1; 1; 192; 192; 1],0.004944627595250495,0.1748460434632132,tvm
512,2,197,1,128,128,0,[512; 2; 197; 1; 128; 128; 0],0.003368296689586714,0.25667233355700936,tvm
192,1,1,1,96,96,0,[192; 1; 1; 1; 96; 96; 0],0.005464506495627575,0.15821164676450472,tvm
48,12,1,1,128,16,0,[48; 12; 1; 1; 128; 16; 0],0.01260692102368921,0.06857729732771621,tvm
96,32,197,1,64,64,1,[96; 32; 197; 1; 64; 64; 1],0.007126259501092136,0.12131870461580509,tvm
512,32,1,1,96,96,1,[512; 32; 1; 1; 96; 96; 1],0.007687096134759486,0.11246751130368443,tvm
48,48,1,1,96,16,0,[48; 48; 1; 1; 96; 16; 0],0.009574164811056107,0.09030015552168093,tvm
768,6,1,1,128,128,1,[768; 6; 1; 1; 128; 128; 1],0.014714898017700762,0.05875328326357366,tvm
768,8,1,1,96,96,1,[768; 8; 1; 1; 96; 96; 1],0.0025524963275529444,0.3387070774975047,tvm
6,1,1,1,96,96,0,[6; 1; 1; 1; 96; 96; 0],0.00660804018843919,0.1308328258870315,tvm
6,6,1,1,96,16,0,[6; 6; 1; 1; 96; 16; 0],0.0072968969761859626,0.1184816743678989,tvm
192,8,197,1,128,128,1,[192; 8; 197; 1; 128; 128; 1],0.006691578950267285,0.12919948757296487,tvm
12,1,197,1,192,64,1,[12; 1; 197; 1; 192; 64; 1],0.009384953620610759,0.09212070793081957,tvm
64,64,1,1,192,192,1,[64; 64; 1; 1; 192; 192; 1],0.015009553404524922,0.05759988642752931,tvm
64,16,1,1,192,192,1,[64; 16; 1; 1; 192; 192; 1],0.01490761962486431,0.05799373697371491,tvm
4,4,197,1,96,32,0,[4; 4; 197; 1; 96; 32; 0],0.010480028227902949,0.08249487049345165,tvm
32,8,197,1,32,16,1,[32; 8; 197; 1; 32; 16; 1],0.002940353653684724,0.29402877111233083,tvm
12,4,1,1,24,24,1,[12; 4; 1; 1; 24; 24; 1],0.005357014975743368,0.16138625248263413,tvm
32,8,1,1,192,192,0,[32; 8; 1; 1; 192; 192; 0],0.00573249690933153,0.15081535761863793,tvm
16,8,1,1,32,16,1,[16; 8; 1; 1; 32; 16; 1],0.008161462319549173,0.10593059645177995,tvm
24,24,1,1,32,16,1,[24; 24; 1; 1; 32; 16; 1],0.007927904662210494,0.10905133301483397,tvm
8,8,197,1,64,32,0,[8; 8; 197; 1; 64; 32; 0],0.005061711999587715,0.17080161247795023,tvm
48,48,197,1,48,48,1,[48; 48; 197; 1; 48; 48; 1],0.0063104362052399665,0.13700298098421157,tvm
48,3,197,1,192,96,1,[48; 3; 197; 1; 192; 96; 1],0.005414957311586477,0.15965935125262798,tvm
48,2,197,1,192,96,1,[48; 2; 197; 1; 192; 96; 1],0.005374397529521957,0.16086427672674808,tvm
24,8,1,1,32,32,0,[24; 8; 1; 1; 32; 32; 0],0.002345738721487578,0.368561325056828,tvm
16,16,197,1,32,32,0,[16; 16; 197; 1; 32; 32; 0],0.003673049373901449,0.2353762455717449,tvm
32,16,1,1,128,16,1,[32; 16; 1; 1; 128; 16; 1],0.008613242738647386,0.10037434188976997,tvm
24,6,197,1,32,32,1,[24; 6; 197; 1; 32; 32; 1],0.004522300994722173,0.19117448671319254,tvm
32,2,197,1,192,96,1,[32; 2; 197; 1; 192; 96; 1],0.0030063730300753377,0.28757195556896886,tvm
48,24,1,1,96,32,1,[48; 24; 1; 1; 96; 32; 1],0.012410699942847714,0.0696615481326507,tvm
12,12,197,1,48,48,0,[12; 12; 197; 1; 48; 48; 0],0.007380179245956242,0.11714465768596014,tvm
12,4,1,1,96,16,1,[12; 4; 1; 1; 96; 16; 1],0.0019244829381932504,0.44923680759686535,tvm
6,6,197,1,96,32,1,[6; 6; 197; 1; 96; 32; 1],0.0021151158289285377,0.40874762488375355,tvm
32,8,1,1,128,64,0,[32; 8; 1; 1; 128; 64; 0],0.006525213088025339,0.13249353848920836,tvm
24,4,197,1,64,64,0,[24; 4; 197; 1; 64; 64; 0],0.00266526585619431,0.3243761103303392,tvm
16,4,197,1,128,64,0,[16; 4; 197; 1; 128; 64; 0],0.004300773434806615,0.2010216498343503,tvm
6,2,197,1,96,96,1,[6; 2; 197; 1; 96; 96; 1],0.0040822159353410825,0.21178413516636657,tvm
24,8,197,1,192,96,1,[24; 8; 197; 1; 192; 96; 1],0.009043769008712843,0.09559604746601312,tvm
48,4,1,1,128,128,1,[48; 4; 1; 1; 128; 128; 1],0.007032672263449058,0.1229331524407719,tvm
192,6,1,1,48,16,0,[192; 6; 1; 1; 48; 16; 0],0.006413854891434312,0.13479390882122605,tvm
3072,16,1,1,192,192,1,[3072; 16; 1; 1; 192; 192; 1],0.025125607498921454,0.03440906141137814,tvm
512,4,197,1,48,24,0,[512; 4; 197; 1; 48; 24; 0],0.009777219995157793,0.0884247845355574,tvm
96,6,1,1,48,24,0,[96; 6; 1; 1; 48; 24; 0],0.004903563007246703,0.17631028094283752,tvm
192,4,1,1,96,48,1,[192; 4; 1; 1; 96; 48; 1],0.007695001258980483,0.11235197270690456,tvm
64,32,197,1,192,192,0,[64; 32; 197; 1; 192; 192; 0],0.010933378071058542,0.07907424089880284,tvm
3,3,1,1,96,32,1,[3; 3; 1; 1; 96; 32; 1],0.004463858480448835,0.19367741500210872,tvm
48,6,1,1,256,256,1,[48; 6; 1; 1; 256; 256; 1],0.013960312877316028,0.0619290254470849,tvm
192,3,197,1,16,16,1,[192; 3; 197; 1; 16; 16; 1],0.006140455603599548,0.14079550887425538,tvm
64,4,1,1,128,64,0,[64; 4; 1; 1; 128; 64; 0],0.007707847049459815,0.1121647284748808,tvm
192,3,197,1,64,32,0,[192; 3; 197; 1; 64; 32; 0],0.009300700738094747,0.09295520797561696,tvm
384,3,197,1,32,32,0,[384; 3; 197; 1; 32; 32; 0],0.00715367024531588,0.12085384729533281,tvm
12,1,1,1,32,16,0,[12; 1; 1; 1; 32; 16; 0],0.005528061752556823,0.15639271233334232,tvm
48,24,1,1,96,48,0,[48; 24; 1; 1; 96; 48; 0],0.008488307939842343,0.10185169736486127,tvm
128,4,197,1,16,16,1,[128; 4; 197; 1; 16; 16; 1],0.017473538522608578,0.04947758980300146,tvm
8,1,1,1,48,48,0,[8; 1; 1; 1; 48; 48; 0],0.004561136243864894,0.18954675440608923,tvm
64,1,197,1,48,24,1,[64; 1; 197; 1; 48; 24; 1],0.004587241273839027,0.18846808349913485,tvm
48,24,197,1,32,16,0,[48; 24; 197; 1; 32; 16; 0],0.004133854905376211,0.20913858643277447,tvm
192,2,197,1,16,16,0,[192; 2; 197; 1; 16; 16; 0],0.015531701385043561,0.05566348141750258,tvm
128,32,197,1,192,96,0,[128; 32; 197; 1; 192; 96; 0],0.005452746787341312,0.15855285512902278,tvm
24,3,197,1,192,24,1,[24; 3; 197; 1; 192; 24; 1],0.013220212247688323,0.06539596757077373,tvm
96,3,197,1,24,24,0,[96; 3; 197; 1; 24; 24; 0],0.014207711617927998,0.06085065594501798,tvm
12,2,1,1,48,16,0,[12; 2; 1; 1; 48; 16; 0],0.00941560123465024,0.0918208566699869,tvm
768,48,197,1,192,192,0,[768; 48; 197; 1; 192; 192; 0],0.011212636629352346,0.07710484161819384,tvm
64,2,1,1,192,192,0,[64; 2; 1; 1; 192; 192; 0],0.0062208160670707,0.13897671336160816,tvm
96,4,197,1,32,32,1,[96; 4; 197; 1; 32; 32; 1],0.006684305320959538,0.12934007797604083,tvm
48,1,197,1,96,32,1,[48; 1; 197; 1; 96; 32; 1],0.006407375069102272,0.1349302268252734,tvm
24,6,1,1,256,32,1,[24; 6; 1; 1; 256; 32; 1],0.005670962971635163,0.1524518103455872,tvm
128,16,197,1,128,128,0,[128; 16; 197; 1; 128; 128; 0],0.009880929545033723,0.08749668414173686,tvm
12,4,197,1,192,32,0,[12; 4; 197; 1; 192; 32; 0],0.00556393843726255,0.15538428060931747,tvm
64,64,1,1,96,96,0,[64; 64; 1; 1; 96; 96; 0],0.0040372509392909706,0.2141428869369227,tvm
12,1,1,1,96,32,1,[12; 1; 1; 1; 96; 32; 1],0.005258543969830498,0.16440835645545412,tvm
384,6,197,1,192,192,1,[384; 6; 197; 1; 192; 192; 1],0.004917454614769667,0.17581221163320623,tvm
1536,4,197,1,128,128,1,[1536; 4; 197; 1; 128; 128; 1],0.012040821369737387,0.07180146145191317,tvm
512,8,197,1,192,96,0,[512; 8; 197; 1; 192; 96; 0],0.015616904885973781,0.055359789775313285,tvm
32,32,1,1,128,16,0,[32; 32; 1; 1; 128; 16; 0],0.0073832456837408245,0.11709600471950377,tvm
16,16,197,1,192,32,0,[16; 16; 197; 1; 192; 32; 0],0.008583992632338777,0.10071636923027254,tvm
384,1,1,1,192,96,1,[384; 1; 1; 1; 192; 96; 1],0.010236151225399226,0.08446031642081886,tvm
32,4,1,1,192,64,0,[32; 4; 1; 1; 192; 64; 0],0.009331317356554791,0.092650216297838,tvm
96,32,197,1,96,96,1,[96; 32; 197; 1; 96; 96; 1],0.007828790752682835,0.11043194265120711,tvm
768,2,197,1,192,192,1,[768; 2; 197; 1; 192; 192; 1],0.005302317222231068,0.16305108411917937,tvm
64,64,197,1,96,96,1,[64; 64; 197; 1; 96; 96; 1],0.0015088505861058366,0.5729848796094967,tvm
16,16,197,1,192,64,0,[16; 16; 197; 1; 192; 64; 0],0.009813089476665482,0.08810156816407096,tvm
24,24,1,1,128,16,0,[24; 24; 1; 1; 128; 16; 0],0.00868363375775516,0.09956069032235063,tvm
12,12,1,1,128,16,0,[12; 12; 1; 1; 128; 16; 0],0.007112725084880367,0.12154955535486055,tvm
12,6,197,1,192,64,0,[12; 6; 197; 1; 192; 64; 0],0.01067476169555448,0.08098996456179569,tvm
8,1,197,1,128,128,0,[8; 1; 197; 1; 128; 128; 0],0.006361898733302951,0.1358947395535983,tvm
4,4,197,1,32,32,0,[4; 4; 197; 1; 32; 32; 0],0.007218909682705998,0.11976165507371973,tvm
4,4,1,1,96,48,0,[4; 4; 1; 1; 96; 48; 0],0.012630445475224406,0.06844957077123291,tvm
48,6,197,1,48,48,0,[48; 6; 197; 1; 48; 48; 0],0.0031387088674819097,0.27544720072179624,tvm
32,16,197,1,32,16,0,[32; 16; 197; 1; 32; 16; 0],0.008267027384135872,0.10457792520291018,tvm
8,2,197,1,96,96,0,[8; 2; 197; 1; 96; 96; 0],0.006340005580568686,0.13636400795581366,tvm
32,16,197,1,64,16,1,[32; 16; 197; 1; 64; 16; 1],0.012691211595665663,0.0681218309939639,tvm
8,8,1,1,32,16,1,[8; 8; 1; 1; 32; 16; 1],0.004589079937431961,0.18839257176077234,tvm
16,4,1,1,64,32,0,[16; 4; 1; 1; 64; 32; 0],0.009717741922941059,0.08896599418714725,tvm
32,16,197,1,128,64,0,[32; 16; 197; 1; 128; 64; 0],0.010612494952511042,0.08146515737319704,tvm
32,8,197,1,24,24,1,[32; 8; 197; 1; 24; 24; 1],0.0041857194155454636,0.20654718713769957,tvm
24,8,197,1,64,16,1,[24; 8; 197; 1; 64; 16; 1],0.0032593436480965465,0.2652523528574432,tvm
24,8,197,1,64,32,0,[24; 8; 197; 1; 64; 32; 0],0.0036762326490134,0.23517243166332047,tvm
32,8,197,1,96,16,1,[32; 8; 197; 1; 96; 16; 1],0.009640822187066078,0.08967581339571135,tvm
12,4,197,1,96,96,0,[12; 4; 197; 1; 96; 96; 0],0.005844696628628299,0.14792017898651375,tvm
12,12,1,1,96,96,1,[12; 12; 1; 1; 96; 96; 1],0.002720816388318781,0.31775336812153815,tvm
24,6,1,1,96,32,1,[24; 6; 1; 1; 96; 32; 1],0.007109043071977794,0.12161250996444545,tvm
24,6,197,1,96,32,1,[24; 6; 197; 1; 96; 32; 1],0.0061749498709104955,0.1400090024214389,tvm
192,6,197,1,192,192,1,[192; 6; 197; 1; 192; 192; 1],0.004852173384279013,0.17817759238152928,tvm
6,6,197,1,128,16,0,[6; 6; 197; 1; 128; 16; 0],0.0053260206477716565,0.16232542616790047,tvm
512,64,1,1,128,128,1,[512; 64; 1; 1; 128; 128; 1],0.006702926941215992,0.12898075408110174,tvm
8,2,1,1,192,24,1,[8; 2; 1; 1; 192; 24; 1],0.013390095613431185,0.06456627319086279,tvm
6,1,1,1,256,128,1,[6; 1; 1; 1; 256; 128; 1],0.008817074820399284,0.09805389985217569,tvm
64,4,197,1,96,24,0,[64; 4; 197; 1; 96; 24; 0],0.01763707009376958,0.049018831746548384,tvm
1024,1,1,1,96,96,0,[1024; 1; 1; 1; 96; 96; 0],0.013362280849833041,0.06470067357096253,tvm
48,24,1,1,128,32,1,[48; 24; 1; 1; 128; 32; 1],0.01385915809078142,0.06238103106736591,tvm
6,3,197,1,256,128,1,[6; 3; 197; 1; 256; 128; 1],0.0041184394067386165,0.20992140129923764,tvm
32,4,1,1,192,48,1,[32; 4; 1; 1; 192; 48; 1],0.004089912123163231,0.21138561059348873,tvm
12,12,197,1,256,64,1,[12; 12; 197; 1; 256; 64; 1],0.008337734238011762,0.10369106843044854,tvm
32,32,1,1,64,16,1,[32; 32; 1; 1; 64; 16; 1],0.009105998295126483,0.09494275568789383,tvm
24,2,1,1,48,24,0,[24; 2; 1; 1; 48; 24; 0],0.01266925036907196,0.06823991524700611,tvm
8,2,1,1,32,16,0,[8; 2; 1; 1; 32; 16; 0],0.00448159032384865,0.19291111167120784,tvm
768,2,1,1,192,192,1,[768; 2; 1; 1; 192; 192; 1],0.00958549219649285,0.09019344585611297,tvm
64,4,1,1,96,48,0,[64; 4; 1; 1; 96; 48; 0],0.008858233079081401,0.09759830924636553,tvm
4,2,1,1,16,16,1,[4; 2; 1; 1; 16; 16; 1],0.0035160509432898834,0.24588624720540433,tvm
32,1,1,1,24,24,0,[32; 1; 1; 1; 24; 24; 0],0.008803346543572843,0.09820680887085627,tvm
16,1,197,1,128,32,1,[16; 1; 197; 1; 128; 32; 1],0.004495974411838688,0.1922939261291309,tvm
4,2,197,1,96,24,1,[4; 2; 197; 1; 96; 24; 1],0.007264321611728519,0.11901298120291444,tvm
8,1,1,1,48,24,1,[8; 1; 1; 1; 48; 24; 1],0.005108982528327033,0.1692212816612769,tvm
48,3,197,1,16,16,0,[48; 3; 197; 1; 16; 16; 0],0.008032832120079547,0.10762686914213887,tvm
24,2,197,1,48,16,1,[24; 2; 197; 1; 48; 16; 1],0.005757568738772534,0.15015861914188558,tvm
32,2,1,1,48,24,1,[32; 2; 1; 1; 48; 24; 1],0.007583755679661408,0.11400005590200803,tvm
48,2,197,1,48,16,1,[48; 2; 197; 1; 48; 16; 1],0.005007780040614307,0.17264108335767014,tvm
48,2,197,1,48,24,1,[48; 2; 197; 1; 48; 24; 1],0.004635868419427425,0.18649117990612676,tvm
24,1,197,1,64,32,0,[24; 1; 197; 1; 64; 32; 0],0.005876141833141446,0.14712860852890183,tvm
48,6,1,1,96,16,1,[48; 6; 1; 1; 96; 16; 1],0.008906091563403606,0.0970738471835529,tvm
24,1,1,1,64,64,0,[24; 1; 1; 1; 64; 64; 0],0.0039615799323655665,0.2182332771744242,tvm
4,1,197,1,48,48,1,[4; 1; 197; 1; 48; 48; 1],0.004204985307296738,0.20560085428321373,tvm
64,64,1,1,192,96,1,[64; 64; 1; 1; 192; 96; 1],0.005914965440751985,0.1461629117005727,tvm
24,2,197,1,16,16,0,[24; 2; 197; 1; 16; 16; 0],0.006837048917077482,0.1264505464147133,tvm
6,6,197,1,192,16,1,[6; 6; 197; 1; 192; 16; 1],0.006436529802158475,0.1343190504825515,tvm
24,24,1,1,16,16,1,[24; 24; 1; 1; 16; 16; 1],0.003005006641615182,0.287702715679816,tvm
64,2,197,1,32,32,1,[64; 2; 197; 1; 32; 32; 1],0.008881617803126574,0.09734133922360705,tvm
64,16,197,1,96,32,1,[64; 16; 197; 1; 96; 32; 1],0.008658337639644742,0.0998515659022099,tvm
48,12,1,1,32,32,1,[48; 12; 1; 1; 32; 32; 1],0.006551172060426325,0.13196853379123583,tvm
12,3,1,1,32,32,1,[12; 3; 1; 1; 32; 32; 1],0.003921327646821737,0.2204734338201231,tvm
16,16,1,1,24,24,0,[16; 16; 1; 1; 24; 24; 0],0.015005367517005652,0.0576159544542161,tvm
96,2,197,1,96,96,0,[96; 2; 197; 1; 96; 96; 0],0.008170915622031316,0.10580804054535589,tvm
2,1,197,1,192,96,1,[2; 1; 197; 1; 192; 96; 1],0.006453454116126522,0.133966796055488,tvm
32,8,197,1,96,24,0,[32; 8; 197; 1; 96; 24; 0],0.006800338305765763,0.12713317081527425,tvm
48,16,197,1,32,32,1,[48; 16; 197; 1; 32; 32; 1],0.007126128883101046,0.1213209283203912,tvm
12,3,197,1,96,32,1,[12; 3; 197; 1; 96; 32; 1],0.003840476492769085,0.22511492338420983,tvm
48,6,1,1,32,32,1,[48; 6; 1; 1; 32; 32; 1],0.00835725330398418,0.10344888924407884,tvm
12,12,197,1,16,16,1,[12; 12; 197; 1; 16; 16; 1],0.0066588019544724375,0.12983545348542622,tvm
12,3,197,1,96,48,1,[12; 3; 197; 1; 96; 48; 1],0.003260146506363526,0.26518703062609206,tvm
6,1,197,1,192,192,1,[6; 1; 197; 1; 192; 192; 1],0.0030114257024251856,0.2870894575723141,tvm
32,2,1,1,192,192,1,[32; 2; 1; 1; 192; 192; 1],0.006255943211726844,0.13819635859353138,tvm
12,4,1,1,192,64,1,[12; 4; 1; 1; 192; 64; 1],0.0031702615960966796,0.272705751630411,tvm
24,12,197,1,96,32,0,[24; 12; 197; 1; 96; 32; 0],0.004616637990693562,0.18726800177344843,tvm
12,3,1,1,64,64,1,[12; 3; 1; 1; 64; 64; 1],0.0042256294982507825,0.20459639724364262,tvm
192,8,197,1,96,96,1,[192; 8; 197; 1; 96; 96; 1],0.007514376571634784,0.11505260126196805,tvm
96,8,1,1,96,96,1,[96; 8; 1; 1; 96; 96; 1],0.007981821108842269,0.10831470157491048,tvm
48,6,1,1,64,64,1,[48; 6; 1; 1; 64; 64; 1],0.018166227790061384,0.04759097933923078,tvm
8,4,1,1,64,16,1,[8; 4; 1; 1; 64; 16; 1],0.004031216260045767,0.2144634561031355,tvm
12,12,197,1,192,96,1,[12; 12; 197; 1; 192; 96; 1],0.0036491228529484943,0.23691955745749022,tvm
24,24,197,1,192,96,1,[24; 24; 197; 1; 192; 96; 1],0.002682888341951184,0.32224545386775627,tvm
16,8,197,1,128,32,1,[16; 8; 197; 1; 128; 32; 1],0.0073508224450051785,0.11761249545838572,tvm
24,8,197,1,48,48,0,[24; 8; 197; 1; 48; 48; 0],0.004156946437433362,0.20797683695014665,tvm
6,6,1,1,96,24,1,[6; 6; 1; 1; 96; 24; 1],0.008587478048866615,0.10067549128031547,tvm
8,4,1,1,96,32,1,[8; 4; 1; 1; 96; 32; 1],0.0033526053448440507,0.2578736482533367,tvm
8,4,1,1,64,64,1,[8; 4; 1; 1; 64; 64; 1],0.003419757224037312,0.25280992619935133,tvm
24,4,197,1,128,128,1,[24; 4; 197; 1; 128; 128; 1],0.00756863274727948,0.1142278401259898,tvm
4,2,197,1,128,128,0,[4; 2; 197; 1; 128; 128; 0],0.015137923532165587,0.0571114373508063,tvm
2,1,197,1,96,16,1,[2; 1; 197; 1; 96; 16; 1],0.005026042155805044,0.17201379228982863,tvm
48,16,1,1,48,16,0,[48; 16; 1; 1; 48; 16; 0],0.010647206014255062,0.08119957200706612,tvm
12,1,197,1,64,16,0,[12; 1; 197; 1; 64; 16; 0],0.007438357250066474,0.11622842818161835,tvm
16,8,1,1,192,64,0,[16; 8; 1; 1; 192; 64; 0],0.009340892167529091,0.09255524589331245,tvm
256,64,1,1,48,16,1,[256; 64; 1; 1; 48; 16; 1],0.012711115996353328,0.06801515867502117,tvm
768,3,1,1,48,48,1,[768; 3; 1; 1; 48; 48; 1],0.008345759677467868,0.10359135714903288,tvm
6,1,197,1,96,48,0,[6; 1; 197; 1; 96; 48; 0],0.008346993767190725,0.1035760413320094,tvm
384,64,197,1,192,96,0,[384; 64; 197; 1; 192; 96; 0],0.00571759017475415,0.15120855902648636,tvm
48,4,1,1,24,24,1,[48; 4; 1; 1; 24; 24; 1],0.00465837430965621,0.18559018961539298,tvm
384,48,1,1,128,128,0,[384; 48; 1; 1; 128; 128; 0],0.006940376741113141,0.12456795987848776,tvm
768,3,1,1,48,48,0,[768; 3; 1; 1; 48; 48; 0],0.008492905733874068,0.10179655803552698,tvm
768,32,1,1,48,48,0,[768; 32; 1; 1; 48; 48; 0],0.005570208595599979,0.1552093708144962,tvm
3,1,197,1,96,16,1,[3; 1; 197; 1; 96; 16; 1],0.007055457041133195,0.12253615412697828,tvm
24,1,197,1,192,96,0,[24; 1; 197; 1; 192; 96; 0],0.007121430564438924,0.12140096903362653,tvm
128,8,197,1,48,48,1,[128; 8; 197; 1; 48; 48; 1],0.008315659244544804,0.10396632978867287,tvm
48,1,197,1,48,24,0,[48; 1; 197; 1; 48; 24; 0],0.009897836804157123,0.08734722430111781,tvm
12,6,1,1,96,24,0,[12; 6; 1; 1; 96; 24; 0],0.004744465724797919,0.1822225349652821,tvm
12,3,197,1,128,32,0,[12; 3; 197; 1; 128; 32; 0],0.006123646657215431,0.1411819818849088,tvm
4,1,197,1,96,96,0,[4; 1; 197; 1; 96; 96; 0],0.007307295687496662,0.11831306798052249,tvm
48,24,197,1,48,16,1,[48; 24; 197; 1; 48; 16; 1],0.01238765096059069,0.06979116332700953,tvm
192,2,1,1,96,96,0,[192; 2; 1; 1; 96; 96; 0],0.006469071871833876,0.13364337088180875,tvm
6,2,197,1,64,64,0,[6; 2; 197; 1; 64; 64; 0],0.006771510001271963,0.12767441401787405,tvm
64,64,1,1,64,64,1,[64; 64; 1; 1; 64; 64; 1],0.01024200432584621,0.08441204904071753,tvm
192,12,197,1,96,96,0,[192; 12; 197; 1; 96; 96; 0],0.002792805345961824,0.3095627744621158,tvm
6,6,197,1,192,16,1,[6; 6; 197; 1; 192; 16; 1],0.013206627103500068,0.06546323786180391,tvm
24,3,197,1,96,24,1,[24; 3; 197; 1; 96; 24; 1],0.003650740531156771,0.23681457612508858,tvm
128,2,1,1,96,96,1,[128; 2; 1; 1; 96; 96; 1],0.0049143480573548,0.1759233496159659,tvm
24,2,197,1,24,24,1,[24; 2; 197; 1; 24; 24; 1],0.006997798947850242,0.12354578602092661,tvm
16,1,1,1,256,64,1,[16; 1; 1; 1; 256; 64; 1],0.004332658238126896,0.199542295725207,tvm
12,2,197,1,128,64,0,[12; 2; 197; 1; 128; 64; 0],0.006676871882518753,0.12948407377594207,tvm
24,24,1,1,48,16,0,[24; 24; 1; 1; 48; 16; 0],0.012710331298876554,0.06801935772555255,tvm
32,32,1,1,96,16,1,[32; 32; 1; 1; 96; 16; 1],0.003475517121842131,0.2487539382255536,tvm
64,64,1,1,128,128,1,[64; 64; 1; 1; 128; 128; 1],0.001952206097485032,0.4428572231909034,tvm
64,2,1,1,48,48,0,[64; 2; 1; 1; 48; 48; 0],0.00751639183727093,0.11502175380767186,tvm
24,24,197,1,128,16,1,[24; 24; 197; 1; 128; 16; 1],0.003719466709299013,0.2324388518566706,tvm
12,2,1,1,96,96,0,[12; 2; 1; 1; 96; 96; 0],0.004006422415841371,0.2157906685051859,tvm
32,4,197,1,192,32,1,[32; 4; 197; 1; 192; 32; 1],0.0045208119991002604,0.19123745282941101,tvm
8,1,197,1,32,16,1,[8; 1; 197; 1; 32; 16; 1],0.004597560851834714,0.18804505242895533,tvm
24,12,197,1,128,32,0,[24; 12; 197; 1; 128; 32; 0],0.006103836247348227,0.14164019747485349,tvm
24,1,1,1,32,32,0,[24; 1; 1; 1; 32; 32; 0],0.0022171767050167546,0.38993219145428387,tvm
8,8,197,1,128,128,0,[8; 8; 197; 1; 128; 128; 0],0.0050943128153448924,0.1697085755755735,tvm
24,12,197,1,128,64,0,[24; 12; 197; 1; 128; 64; 0],0.004497311223531142,0.19223676736113363,tvm
4,4,1,1,256,64,1,[4; 4; 1; 1; 256; 64; 1],0.004332465716288425,0.1995511627889396,tvm
6,3,1,1,64,16,1,[6; 3; 1; 1; 64; 16; 1],0.0021162724879104644,0.40852422188892945,tvm
12,12,197,1,128,16,1,[12; 12; 197; 1; 128; 16; 1],0.005842662008944899,0.14797168997709942,tvm
8,1,1,1,32,16,1,[8; 1; 1; 1; 32; 16; 1],0.004924037682940252,0.17557716392461284,tvm
24,6,197,1,128,64,0,[24; 6; 197; 1; 128; 64; 0],0.004807967969099991,0.17981579265604117,tvm
32,2,197,1,128,64,1,[32; 2; 197; 1; 128; 64; 1],0.002484701202774886,0.34794870725826244,tvm
6,2,1,1,64,32,1,[6; 2; 1; 1; 64; 32; 1],0.0023337194361374713,0.3704595154160784,tvm
48,2,197,1,48,48,0,[48; 2; 197; 1; 48; 48; 0],0.004986477506463416,0.17337861652999603,tvm
32,16,197,1,96,32,0,[32; 16; 197; 1; 96; 32; 0],0.004829625977436081,0.17900942546435802,tvm
8,8,197,1,192,48,1,[8; 8; 197; 1; 192; 48; 1],0.002815674277371727,0.30704850286716356,tvm
12,12,197,1,256,256,1,[12; 12; 197; 1; 256; 256; 1],0.007093735330272466,0.12187494051816627,tvm
24,24,197,1,256,256,1,[24; 24; 197; 1; 256; 256; 1],0.0033614288840908557,0.2571967461576687,tvm
12,4,197,1,64,16,1,[12; 4; 197; 1; 64; 16; 1],0.010943071130895987,0.0790041991948365,tvm
12,3,1,1,192,192,1,[12; 3; 1; 1; 192; 192; 1],0.0030886397653375752,0.27991240064024747,tvm
4,1,197,1,64,64,1,[4; 1; 197; 1; 64; 64; 1],0.0026389202248537913,0.32761451569702965,tvm
16,1,1,1,96,96,1,[16; 1; 1; 1; 96; 96; 1],0.003918749469448812,0.22061848509804674,tvm
32,32,197,1,96,96,0,[32; 32; 197; 1; 96; 96; 0],0.006190818254253827,0.13965012958255135,tvm
24,6,197,1,192,192,1,[24; 6; 197; 1; 192; 192; 1],0.0026437553242431022,0.3270153495297787,tvm
24,3,197,1,96,96,1,[24; 3; 197; 1; 96; 96; 1],0.003327678161440417,0.2598053445932834,tvm
8,4,1,1,96,48,1,[8; 4; 1; 1; 96; 48; 1],0.004145371218328364,0.20855757564148952,tvm
16,4,197,1,96,96,1,[16; 4; 197; 1; 96; 96; 1],0.0031250717147486284,0.2766491941123704,tvm
24,2,1,1,256,16,1,[24; 2; 1; 1; 256; 16; 1],0.00701434351503849,0.1232543814791807,tvm
1,1,197,1,32,32,0,[1; 1; 197; 1; 32; 32; 0],0.013161346840206534,0.06568845741436326,tvm
96,2,1,1,48,24,1,[96; 2; 1; 1; 48; 24; 1],0.013735411746893078,0.06294304003111742,tvm
12,12,197,1,48,16,0,[12; 12; 197; 1; 48; 16; 0],0.014655095466878265,0.05899303579308119,tvm
96,4,197,1,48,48,1,[96; 4; 197; 1; 48; 48; 1],0.005576204028329812,0.15504249253367464,tvm
96,6,1,1,48,48,1,[96; 6; 1; 1; 48; 48; 1],0.008288637385703623,0.1043052713247848,tvm
24,2,1,1,384,192,1,[24; 2; 1; 1; 384; 192; 1],0.008233345695771277,0.10500574169655133,tvm
48,4,197,1,48,24,0,[48; 4; 197; 1; 48; 24; 0],0.014729960123077035,0.05869320515498927,tvm
384,6,197,1,32,32,0,[384; 6; 197; 1; 32; 32; 0],0.01746970898238942,0.04948843580050998,tvm
384,3,197,1,48,48,0,[384; 3; 197; 1; 48; 48; 0],0.005536841636057943,0.1561447171973123,tvm
64,64,1,1,64,16,1,[64; 64; 1; 1; 64; 16; 1],0.014747820503544062,0.058622124619757264,tvm
8,8,197,1,384,128,1,[8; 8; 197; 1; 384; 128; 1],0.005807224180898629,0.14887466791316264,tvm
64,32,197,1,256,128,1,[64; 32; 197; 1; 256; 128; 1],0.013549478026106954,0.06380678058319078,tvm
48,6,197,1,96,48,1,[48; 6; 197; 1; 96; 48; 1],0.007428961369441822,0.11637542967780025,tvm
48,3,197,1,256,256,1,[48; 3; 197; 1; 256; 256; 1],0.00697490168386139,0.12395136313232545,tvm
192,1,197,1,192,96,0,[192; 1; 197; 1; 192; 96; 0],0.011015353258699179,0.0784857780884884,tvm
192,48,1,1,48,48,0,[192; 48; 1; 1; 48; 48; 0],0.0028199566731927916,0.3065822179635541,tvm
1536,64,197,1,96,96,0,[1536; 64; 197; 1; 96; 96; 0],0.009654762747231871,0.08954633004073012,tvm
192,8,1,1,192,192,1,[192; 8; 1; 1; 192; 192; 1],0.014527198392897844,0.05951240893435019,tvm
64,2,197,1,32,32,1,[64; 2; 197; 1; 32; 32; 1],0.012825242476537824,0.06740992016409474,tvm
96,8,1,1,128,128,0,[96; 8; 1; 1; 128; 128; 0],0.007493249693652615,0.11537698685804018,tvm
96,2,197,1,128,128,1,[96; 2; 197; 1; 128; 128; 1],0.006728536303853616,0.12848984272157687,tvm
32,1,1,1,48,24,1,[32; 1; 1; 1; 48; 24; 1],0.012026403768686578,0.07188753912284371,tvm
768,4,1,1,96,96,1,[768; 4; 1; 1; 96; 96; 1],0.00762301788199693,0.11341290087622014,tvm
64,1,197,1,192,192,1,[64; 1; 197; 1; 192; 192; 1],0.005831617963849567,0.14825192198596385,tvm
24,1,197,1,96,16,1,[24; 1; 197; 1; 96; 16; 1],0.0035258537536719814,0.2452026180973025,tvm
256,8,197,1,128,128,0,[256; 8; 197; 1; 128; 128; 0],0.0035595907538663596,0.2428786428578946,tvm
16,16,197,1,32,16,1,[16; 16; 197; 1; 32; 16; 1],0.006704276253003627,0.12895479523852246,tvm
16,8,1,1,32,16,0,[16; 8; 1; 1; 32; 16; 0],0.005613868313957937,0.15400228916645892,tvm
96,6,197,1,96,96,1,[96; 6; 197; 1; 96; 96; 1],0.010590153251541778,0.08163702175912375,tvm
24,8,1,1,24,24,0,[24; 8; 1; 1; 24; 24; 0],0.0072441413649357855,0.11934451964359685,tvm
192,8,1,1,96,96,1,[192; 8; 1; 1; 96; 96; 1],0.010056413448182866,0.08596987145400134,tvm
8,4,197,1,16,16,0,[8; 4; 197; 1; 16; 16; 0],0.0033202595950569957,0.26038583631101003,tvm
48,16,1,1,128,128,1,[48; 16; 1; 1; 128; 128; 1],0.0035127546143485233,0.24611698406064464,tvm
12,12,1,1,64,64,0,[12; 12; 1; 1; 64; 64; 0],0.004672959752497263,0.18501091753819415,tvm
512,8,197,1,96,96,0,[512; 8; 197; 1; 96; 96; 0],0.005189667193917558,0.16659036873151475,tvm
64,2,197,1,96,96,0,[64; 2; 197; 1; 96; 96; 0],0.00307800731388852,0.2808793103016921,tvm
24,12,1,1,32,16,1,[24; 12; 1; 1; 32; 16; 1],0.006498189817648381,0.1330445240427651,tvm
24,2,197,1,128,64,0,[24; 2; 197; 1; 128; 64; 0],0.005195624005864374,0.16639937194314738,tvm
16,1,1,1,256,64,1,[16; 1; 1; 1; 256; 64; 1],0.004296699931728654,0.20121222919114698,tvm
12,12,1,1,256,32,1,[12; 12; 1; 1; 256; 32; 1],0.009123179188463837,0.09476395821774321,tvm
12,3,197,1,48,16,1,[12; 3; 197; 1; 48; 16; 1],0.005429844037280418,0.15922162137489085,tvm
16,2,1,1,64,16,1,[16; 2; 1; 1; 64; 16; 1],0.006261776958126575,0.1380676087969813,tvm
48,24,197,1,128,128,1,[48; 24; 197; 1; 128; 128; 1],0.007008326065260917,0.12336020946770612,tvm
16,1,1,1,256,256,1,[16; 1; 1; 1; 256; 256; 1],0.0038550512545043603,0.22426383317690168,tvm
16,2,197,1,192,48,1,[16; 2; 197; 1; 192; 48; 1],0.005871979563380592,0.14723289856459193,tvm
32,16,1,1,32,32,1,[32; 16; 1; 1; 32; 32; 1],0.005159053253009915,0.16757891981909143,tvm
32,2,197,1,256,256,1,[32; 2; 197; 1; 256; 256; 1],0.009893758018733934,0.08738323393310607,tvm
24,8,1,1,64,32,0,[24; 8; 1; 1; 64; 32; 0],0.005532974246307276,0.15625385786054827,tvm
32,32,1,1,32,32,1,[32; 32; 1; 1; 32; 32; 1],0.0026131383419851772,0.3308468432527693,tvm
3,3,1,1,192,96,1,[3; 3; 1; 1; 192; 96; 1],0.00834061106434092,0.10365530352144392,tvm
16,1,197,1,48,48,1,[16; 1; 197; 1; 48; 48; 1],0.0035384281509323046,0.24433124951280422,tvm
24,1,197,1,48,48,0,[24; 1; 197; 1; 48; 48; 0],0.004652482908568345,0.18582520095589325,tvm
6,1,1,1,192,48,1,[6; 1; 1; 1; 192; 48; 1],0.006830158497905359,0.12657811260071156,tvm
6,3,197,1,192,48,1,[6; 3; 197; 1; 192; 48; 1],0.007228738744743168,0.11959881273303481,tvm
2,2,1,1,32,32,1,[2; 2; 1; 1; 32; 32; 1],0.005531163755222224,0.15630500373674738,tvm
12,6,1,1,128,16,1,[12; 6; 1; 1; 128; 16; 1],0.0027047160183428787,0.3196448594105128,tvm
4,2,197,1,192,48,1,[4; 2; 197; 1; 192; 48; 1],0.007794614502927288,0.11091614230618946,tvm
4,4,1,1,32,16,1,[4; 4; 1; 1; 32; 16; 1],0.003284469756181352,0.26322317926706323,tvm
16,16,1,1,192,64,1,[16; 16; 1; 1; 192; 64; 1],0.0032765908108558506,0.26385613014728254,tvm
12,3,1,1,96,32,1,[12; 3; 1; 1; 96; 32; 1],0.007336687354836613,0.11783909135212492,tvm
24,24,1,1,192,96,1,[24; 24; 1; 1; 192; 96; 1],0.002835469313140493,0.3049049296432059,tvm
24,6,197,1,192,96,1,[24; 6; 197; 1; 192; 96; 1],0.009375272027682513,0.0922158385245575,tvm
12,4,197,1,96,48,1,[12; 4; 197; 1; 96; 48; 1],0.005111949969432317,0.16912305022511395,tvm
192,64,1,1,192,48,0,[192; 64; 1; 1; 192; 48; 0],0.005960065944236703,0.14505688016163265,tvm
48,1,197,1,96,16,1,[48; 1; 197; 1; 96; 16; 1],0.005008048843592405,0.17263181698691418,tvm
64,16,1,1,64,64,1,[64; 16; 1; 1; 64; 64; 1],0.014355860650539398,0.06022269179633527,tvm
96,16,197,1,128,64,0,[96; 16; 197; 1; 128; 64; 0],0.011016869131708518,0.07847497878868745,tvm
12,4,1,1,384,48,1,[12; 4; 1; 1; 384; 48; 1],0.006738375872373581,0.1283022181907516,tvm
48,16,1,1,128,64,0,[48; 16; 1; 1; 128; 64; 0],0.014385794580448419,0.06009738055092002,tvm
384,3,197,1,64,64,0,[384; 3; 197; 1; 64; 64; 0],0.010321042296709493,0.08376562623953229,tvm
24,8,197,1,128,16,0,[24; 8; 197; 1; 128; 16; 0],0.011244575929595158,0.07688583160820882,tvm
48,12,197,1,48,24,1,[48; 12; 197; 1; 48; 24; 1],0.004814264437300153,0.1795806156243074,tvm
128,16,1,1,48,48,1,[128; 16; 1; 1; 48; 48; 1],0.002748521394096315,0.31455042456121246,tvm
12,3,1,1,384,128,1,[12; 3; 1; 1; 384; 128; 1],0.006082601714297198,0.14213466737373975,tvm
48,2,197,1,192,192,0,[48; 2; 197; 1; 192; 192; 0],0.016331851773429662,0.052936346926385165,tvm
16,1,1,1,384,128,1,[16; 1; 1; 1; 384; 128; 1],0.006761083495803177,0.12787130523757392,tvm
384,6,1,1,192,192,1,[384; 6; 1; 1; 192; 192; 1],0.009825911751249805,0.08798660046164218,tvm
256,1,1,1,48,48,1,[256; 1; 1; 1; 48; 48; 1],0.005477670085383579,0.157831442557211,tvm
768,2,197,1,192,192,0,[768; 2; 197; 1; 192; 192; 0],0.009658658149419352,0.08951021539990472,tvm
4,4,197,1,32,32,0,[4; 4; 197; 1; 32; 32; 0],0.003031590487807989,0.28517986677471363,tvm
384,32,197,1,64,64,0,[384; 32; 197; 1; 64; 64; 0],0.007113079773262143,0.12154349437755274,tvm
24,6,1,1,96,16,0,[24; 6; 1; 1; 96; 16; 0],0.007939545757835731,0.1088914401148614,tvm
384,6,197,1,64,64,0,[384; 6; 197; 1; 64; 64; 0],0.007440116256475449,0.11620094923599052,tvm
64,1,1,1,32,32,0,[64; 1; 1; 1; 32; 32; 0],0.006762913952115923,0.1278366954762272,tvm
384,2,1,1,192,96,1,[384; 2; 1; 1; 192; 96; 1],0.01064452511491254,0.0812200226966795,tvm
512,4,197,1,192,192,0,[512; 4; 197; 1; 192; 192; 0],0.005040145159000531,0.17153247459246052,tvm
128,2,1,1,48,48,1,[128; 2; 1; 1; 48; 48; 1],0.007931543310405686,0.10900130499121627,tvm
192,32,1,1,96,48,0,[192; 32; 1; 1; 96; 48; 0],0.0028678622184088454,0.30146098577505664,tvm
512,64,1,1,64,64,0,[512; 64; 1; 1; 64; 64; 0],0.007375510991550982,0.11721880320142633,tvm
64,8,197,1,128,64,1,[64; 8; 197; 1; 128; 64; 1],0.0035664087772602215,0.242414323602224,tvm
96,12,197,1,96,48,0,[96; 12; 197; 1; 96; 48; 0],0.005742124805692583,0.1505624835202958,tvm
256,64,1,1,128,64,0,[256; 64; 1; 1; 128; 64; 0],0.003800343460170552,0.2274922202399496,tvm
48,2,197,1,96,48,1,[48; 2; 197; 1; 96; 48; 1],0.00865096237976104,0.09993669299165907,tvm
1,1,1,1,48,24,1,[1; 1; 1; 1; 48; 24; 1],0.013647530635353178,0.06334835176621666,tvm
128,16,1,1,128,128,0,[128; 16; 1; 1; 128; 128; 0],0.0070413213688880205,0.12278214927791353,tvm
8,8,197,1,128,64,0,[8; 8; 197; 1; 128; 64; 0],0.006736155541148037,0.12834450839910788,tvm
384,16,197,1,48,48,0,[384; 16; 197; 1; 48; 48; 0],0.005487465459736995,0.15754970628462192,tvm
96,12,1,1,48,48,0,[96; 12; 1; 1; 48; 48; 0],0.005742752065998502,0.15054603811774536,tvm
32,2,197,1,256,64,1,[32; 2; 197; 1; 256; 64; 1],0.005083270094473846,0.17007724463991092,tvm
96,4,197,1,96,96,0,[96; 4; 197; 1; 96; 96; 0],0.008040657761739567,0.10752212033478334,tvm
96,48,1,1,48,48,0,[96; 48; 1; 1; 48; 48; 0],0.008382992265978828,0.1031312619644441,tvm
48,4,197,1,48,48,1,[48; 4; 197; 1; 48; 48; 1],0.005813037161715329,0.14872579468827235,tvm
24,2,1,1,192,48,1,[24; 2; 1; 1; 192; 48; 1],0.008019506116397679,0.10780571258132816,tvm
24,12,197,1,128,128,0,[24; 12; 197; 1; 128; 128; 0],0.0037730305339209735,0.22913903390284077,tvm
24,1,197,1,16,16,1,[24; 1; 197; 1; 16; 16; 1],0.0031014180785859935,0.27875911906167083,tvm
32,8,1,1,96,24,1,[32; 8; 1; 1; 96; 24; 1],0.007695056207012385,0.11235117043599002,tvm
8,2,197,1,192,48,1,[8; 2; 197; 1; 192; 48; 1],0.008499109011609107,0.10172225938597408,tvm
4,4,1,1,192,32,1,[4; 4; 1; 1; 192; 32; 1],0.003671165628475137,0.23549702163333666,tvm
192,16,197,1,96,96,0,[192; 16; 197; 1; 96; 96; 0],0.007980898633832112,0.108327221168257,tvm
48,8,1,1,96,96,0,[48; 8; 1; 1; 96; 96; 0],0.011239467392442748,0.07692077758149653,tvm
4,4,1,1,256,64,1,[4; 4; 1; 1; 256; 64; 1],0.009729245124617592,0.08886080681028709,tvm
24,8,197,1,128,16,1,[24; 8; 197; 1; 128; 16; 1],0.0037206057168077677,0.23236769419640171,tvm
4,1,197,1,96,16,1,[4; 1; 197; 1; 96; 16; 1],0.003130341778160073,0.2761834434375178,tvm
24,6,1,1,128,32,1,[24; 6; 1; 1; 128; 32; 1],0.00984722119756043,0.08779619692535762,tvm
8,2,1,1,32,32,0,[8; 2; 1; 1; 32; 32; 0],0.005260401943814941,0.16435028742339503,tvm
24,24,1,1,64,64,0,[24; 24; 1; 1; 64; 64; 0],0.005206975314649753,0.16603661803353972,tvm
1,1,1,1,128,128,1,[1; 1; 1; 1; 128; 128; 1],0.025164891500025988,0.03435534667128124,tvm
8,4,197,1,192,96,1,[8; 4; 197; 1; 192; 96; 1],0.005868265550816432,0.14732608194738048,tvm
6,1,1,1,192,192,1,[6; 1; 1; 1; 192; 192; 1],0.0047422673960682005,0.18230700616868759,tvm
32,16,1,1,192,96,1,[32; 16; 1; 1; 192; 96; 1],0.0032782900671008974,0.2637193639771849,tvm
32,1,1,1,96,96,1,[32; 1; 1; 1; 96; 96; 1],0.0015595031145494431,0.5543743794819855,tvm
32,8,197,1,128,64,1,[32; 8; 197; 1; 128; 64; 1],0.004885338785243221,0.17696798716192394,tvm
12,2,197,1,64,64,1,[12; 2; 197; 1; 64; 64; 1],0.003643731164629571,0.23727013118336437,tvm
12,2,197,1,96,96,1,[12; 2; 197; 1; 96; 96; 1],0.0036921358696417883,0.2341594681109203,tvm
24,4,197,1,96,96,1,[24; 4; 197; 1; 96; 96; 1],0.002764926481177099,0.3126841083530406,tvm
32,16,1,1,128,128,1,[32; 16; 1; 1; 128; 128; 1],0.00630619449657388,0.13709513271407592,tvm
4,4,197,1,96,96,1,[4; 4; 197; 1; 96; 96; 1],0.006696454685879871,0.12910541652011123,tvm
