kc,ku,mc,mr,nc,nr,nvr,pack_c,X,time,peak,backend
24,3,197,1,48,48,3,1,[24; 3; 197; 1; 48; 48; 3; 1],0.0020304685313021764,0.42578772243966795,tvm
2,2,197,1,384,128,8,1,[2; 2; 197; 1; 384; 128; 8; 1],0.0126652276085224,0.06826158977567989,tvm
32,2,197,1,384,128,8,0,[32; 2; 197; 1; 384; 128; 8; 0],0.009117318375501782,0.09482487457623635,tvm
64,16,197,1,128,128,8,0,[64; 16; 197; 1; 128; 128; 8; 0],0.0042295416933484375,0.20440715191156486,tvm
12,2,1,1,384,32,2,0,[12; 2; 1; 1; 384; 32; 2; 0],0.012421863866620697,0.06959894108578468,tvm
8,2,197,1,32,16,1,0,[8; 2; 197; 1; 32; 16; 1; 0],0.006447763633332215,0.134085028638336,tvm
6,6,197,1,128,128,8,1,[6; 6; 197; 1; 128; 128; 8; 1],0.0035902615636587143,0.24080378437596037,tvm
24,8,197,1,192,64,4,0,[24; 8; 197; 1; 192; 64; 4; 0],0.004140163684496656,0.20881990117105229,tvm
24,3,1,1,384,128,8,1,[24; 3; 1; 1; 384; 128; 8; 1],0.009230583877069876,0.09366130928902958,tvm
1,1,1,1,96,16,1,1,[1; 1; 1; 1; 96; 16; 1; 1],0.006373182681272738,0.13565413305490237,tvm
12,1,1,1,384,64,4,0,[12; 1; 1; 1; 384; 64; 4; 0],0.013702912896405905,0.0630923204405197,tvm
1,1,197,1,192,96,6,1,[1; 1; 197; 1; 192; 96; 6; 1],0.026042263489216566,0.033197904313753634,tvm
6,1,197,1,192,64,4,1,[6; 1; 197; 1; 192; 64; 4; 1],0.002749428829702083,0.3144466087242747,tvm
4,2,197,1,128,64,4,1,[4; 2; 197; 1; 128; 64; 4; 1],0.004533853156317491,0.19068737817939815,tvm
16,8,1,1,768,32,2,0,[16; 8; 1; 1; 768; 32; 2; 0],0.024532123614335433,0.03524148928237788,tvm
16,1,1,1,768,16,1,0,[16; 1; 1; 1; 768; 16; 1; 0],0.02698600577423349,0.03203692234639818,tvm
8,1,1,1,768,128,8,1,[8; 1; 1; 1; 768; 128; 8; 1],0.01190968330774922,0.07259207059402155,tvm
4,2,197,1,256,128,8,0,[4; 2; 197; 1; 256; 128; 8; 0],0.019035774370422587,0.0454170423858296,tvm
16,2,197,1,384,192,12,0,[16; 2; 197; 1; 384; 192; 12; 0],0.009416487882845104,0.09181221089909757,tvm
64,64,197,1,768,128,8,1,[64; 64; 197; 1; 768; 128; 8; 1],0.010747266744147055,0.08044357621433405,tvm
24,6,1,1,192,32,2,0,[24; 6; 1; 1; 192; 32; 2; 0],0.0070047771878307685,0.12342270828121855,tvm
48,2,1,1,384,128,8,0,[48; 2; 1; 1; 384; 128; 8; 0],0.012587534001795575,0.06868291845767774,tvm
24,4,197,1,192,192,12,1,[24; 4; 197; 1; 192; 192; 12; 1],0.0037007629725849256,0.23361360287948882,tvm
16,4,1,1,256,16,1,1,[16; 4; 1; 1; 256; 16; 1; 1],0.0061725314080831595,0.14006385942344707,tvm
48,16,197,1,128,128,8,1,[48; 16; 197; 1; 128; 128; 8; 1],0.003507991750666406,0.2464511415297185,tvm
4,4,197,1,384,16,1,0,[4; 4; 197; 1; 384; 16; 1; 0],0.015658254123991355,0.05521359945895388,tvm
4,4,197,1,384,128,8,0,[4; 4; 197; 1; 384; 128; 8; 0],0.018604176642838866,0.04647067096954028,tvm
12,1,1,1,384,48,3,1,[12; 1; 1; 1; 384; 48; 3; 1],0.01390937838004902,0.06215580220814473,tvm
4,2,197,1,192,192,12,0,[4; 2; 197; 1; 192; 192; 12; 0],0.02242766023846343,0.038548317668281366,tvm
32,16,1,1,384,128,8,1,[32; 16; 1; 1; 384; 128; 8; 1],0.0095816398243187,0.09022970882648941,tvm
12,4,197,1,48,16,1,0,[12; 4; 197; 1; 48; 16; 1; 0],0.007569135443191044,0.11422025380802137,tvm
16,4,197,1,384,48,3,1,[16; 4; 197; 1; 384; 48; 3; 1],0.006105352316808421,0.14160502565075803,tvm
24,6,197,1,256,64,4,0,[24; 6; 197; 1; 256; 64; 4; 0],0.005210908937442582,0.1659112799336071,tvm
24,2,1,1,192,96,6,0,[24; 2; 1; 1; 192; 96; 6; 0],0.006503066440927796,0.13294475449111753,tvm
32,4,197,1,768,128,8,0,[32; 4; 197; 1; 768; 128; 8; 0],0.014153264608466998,0.061084745840996074,tvm
4,4,197,1,256,128,8,0,[4; 4; 197; 1; 256; 128; 8; 0],0.018652277998626232,0.046350830257421996,tvm
16,1,197,1,384,96,6,1,[16; 1; 197; 1; 384; 96; 6; 1],0.006222813841304742,0.13893209623113212,tvm
16,4,1,1,384,16,1,0,[16; 4; 1; 1; 384; 16; 1; 0],0.011768337688408792,0.07346394999185886,tvm
16,8,197,1,96,16,1,1,[16; 8; 197; 1; 96; 16; 1; 1],0.004281716879631858,0.20191633303482345,tvm
12,4,197,1,384,64,4,0,[12; 4; 197; 1; 384; 64; 4; 0],0.008551709441235289,0.10109657927101974,tvm
12,2,1,1,192,48,3,1,[12; 2; 1; 1; 192; 48; 3; 1],0.003732835190021433,0.2316064137360448,tvm
24,3,197,1,384,48,3,0,[24; 3; 197; 1; 384; 48; 3; 0],0.009005899250041693,0.09599802833954298,tvm
12,4,197,1,768,64,4,0,[12; 4; 197; 1; 768; 64; 4; 0],0.012624928611330688,0.06847948198714184,tvm
6,2,1,1,192,48,3,1,[6; 2; 1; 1; 192; 48; 3; 1],0.003331440813781228,0.25951191083815106,tvm
24,12,1,1,96,32,2,0,[24; 12; 1; 1; 96; 32; 2; 0],0.003513781317451503,0.24604507034479212,tvm
64,64,1,1,256,128,8,0,[64; 64; 1; 1; 256; 128; 8; 0],0.008993517054477707,0.09613019758472895,tvm
24,12,1,1,192,16,1,1,[24; 12; 1; 1; 192; 16; 1; 1],0.010352117111324333,0.08351417996255366,tvm
12,1,197,1,192,96,6,0,[12; 1; 197; 1; 192; 96; 6; 0],0.007464075431926176,0.11582795207704195,tvm
12,2,197,1,48,16,1,0,[12; 2; 197; 1; 48; 16; 1; 0],0.002783936015475774,0.310549009252578,tvm
12,12,1,1,64,16,1,1,[12; 12; 1; 1; 64; 16; 1; 1],0.002448095376166748,0.3531515070226921,tvm
12,3,197,1,192,48,3,0,[12; 3; 197; 1; 192; 48; 3; 0],0.00519061362138018,0.16655999357522755,tvm
12,4,197,1,384,64,4,0,[12; 4; 197; 1; 384; 64; 4; 0],0.008445898813079111,0.10236312209776333,tvm
2,2,197,1,384,16,1,0,[2; 2; 197; 1; 384; 16; 1; 0],0.03413170448038727,0.025329780173309467,tvm
12,6,1,1,384,96,6,0,[12; 6; 1; 1; 384; 96; 6; 0],0.013535554142436013,0.0638724179542883,tvm
64,64,1,1,256,128,8,0,[64; 64; 1; 1; 256; 128; 8; 0],0.015893372852588072,0.05439679666785068,tvm
2,2,1,1,32,32,2,0,[2; 2; 1; 1; 32; 32; 2; 0],0.021446935104904696,0.040311054572588226,tvm
32,2,197,1,192,192,12,1,[32; 2; 197; 1; 192; 192; 12; 1],0.003342643474752549,0.25864217286666286,tvm
1,1,197,1,192,96,6,1,[1; 1; 197; 1; 192; 96; 6; 1],0.012849426741013303,0.0672830460731039,tvm
3,1,197,1,384,16,1,0,[3; 1; 197; 1; 384; 16; 1; 0],0.024801168765407056,0.034859186661979145,tvm
2,2,1,1,96,48,3,1,[2; 2; 1; 1; 96; 48; 3; 1],0.006361632127664052,0.13590043468075036,tvm
4,1,1,1,32,32,2,0,[4; 1; 1; 1; 32; 32; 2; 0],0.0052211159345461056,0.16558693242342842,tvm
48,4,197,1,768,128,8,1,[48; 4; 197; 1; 768; 128; 8; 1],0.021345454617403448,0.040502701250676794,tvm
8,8,1,1,96,48,3,0,[8; 8; 1; 1; 96; 48; 3; 0],0.005059503004304133,0.17087618501127433,tvm
12,12,1,1,384,16,1,1,[12; 12; 1; 1; 384; 16; 1; 1],0.008409823189140297,0.10280222924840715,tvm
12,1,197,1,96,16,1,1,[12; 1; 197; 1; 96; 16; 1; 1],0.0026678766262193676,0.324058677576001,tvm
12,3,197,1,128,128,8,1,[12; 3; 197; 1; 128; 128; 8; 1],0.0036103428719798103,0.23946439495772248,tvm
24,12,1,1,96,16,1,1,[24; 12; 1; 1; 96; 16; 1; 1],0.006640456049353816,0.1301941560945503,tvm
8,4,197,1,48,48,3,1,[8; 4; 197; 1; 48; 48; 3; 1],0.0028081011223548558,0.3078765805640099,tvm
12,6,1,1,16,16,1,1,[12; 6; 1; 1; 16; 16; 1; 1],0.007309958309633657,0.11826997293393575,tvm
24,6,197,1,128,128,8,1,[24; 6; 197; 1; 128; 128; 8; 1],0.0019319196871947497,0.44750751139346895,tvm
16,4,1,1,128,64,4,1,[16; 4; 1; 1; 128; 64; 4; 1],0.004535908468824346,0.1906009738447505,tvm
12,6,1,1,64,32,2,1,[12; 6; 1; 1; 64; 32; 2; 1],0.006882796573336236,0.12561007175162037,tvm
24,4,1,1,16,16,1,1,[24; 4; 1; 1; 16; 16; 1; 1],0.00536847877810942,0.1610416296985034,tvm
24,4,197,1,96,96,6,1,[24; 4; 197; 1; 96; 96; 6; 1],0.0030654596412205137,0.28202901770527017,tvm
24,6,1,1,48,16,1,1,[24; 6; 1; 1; 48; 16; 1; 1],0.005922125470533501,0.14598619629561607,tvm
24,6,1,1,16,16,1,1,[24; 6; 1; 1; 16; 16; 1; 1],0.00804070325102657,0.10752151204164796,tvm
12,2,1,1,96,48,3,1,[12; 2; 1; 1; 96; 48; 3; 1],0.0035070390658802353,0.2465180898153404,tvm
12,3,197,1,128,32,2,1,[12; 3; 197; 1; 128; 32; 2; 1],0.004116119496757165,0.210039716317686,tvm
32,8,197,1,128,128,8,1,[32; 8; 197; 1; 128; 128; 8; 1],0.008356540492968634,0.10345771341095283,tvm
64,8,197,1,128,128,8,1,[64; 8; 197; 1; 128; 128; 8; 1],0.0068709616316482425,0.12582642980370987,tvm
24,6,1,1,128,64,4,1,[24; 6; 1; 1; 128; 64; 4; 1],0.003759892155358102,0.22993972584999037,tvm
24,2,197,1,96,32,2,1,[24; 2; 197; 1; 96; 32; 2; 1],0.004313076839025598,0.20044821914739838,tvm
48,24,197,1,128,128,8,1,[48; 24; 197; 1; 128; 128; 8; 1],0.0034990444110007957,0.24708133703890128,tvm
16,8,1,1,128,64,4,1,[16; 8; 1; 1; 128; 64; 4; 1],0.007545733242295682,0.11457449444178135,tvm
16,4,197,1,96,32,2,1,[16; 4; 197; 1; 96; 32; 2; 1],0.004820019312319346,0.1793662048653824,tvm
24,3,197,1,128,32,2,1,[24; 3; 197; 1; 128; 32; 2; 1],0.008162447498762049,0.10591781099476505,tvm
16,16,1,1,32,32,2,1,[16; 16; 1; 1; 32; 32; 2; 1],0.00936229806393385,0.09234362819093002,tvm
24,8,1,1,16,16,1,1,[24; 8; 1; 1; 16; 16; 1; 1],0.00844207449699752,0.10240949327514864,tvm
24,3,1,1,32,16,1,1,[24; 3; 1; 1; 32; 16; 1; 1],0.003247172469855286,0.2662465820508453,tvm
24,3,1,1,48,16,1,1,[24; 3; 1; 1; 48; 16; 1; 1],0.00562951437314041,0.15357427197513046,tvm
24,3,1,1,64,16,1,1,[24; 3; 1; 1; 64; 16; 1; 1],0.003586291531973984,0.24107035463251988,tvm
12,3,197,1,96,16,1,1,[12; 3; 197; 1; 96; 16; 1; 1],0.008735389550565742,0.09897080907772218,tvm
16,1,197,1,128,64,4,1,[16; 1; 197; 1; 128; 64; 4; 1],0.003654236345028039,0.23658802819496824,tvm
24,12,197,1,96,96,6,1,[24; 12; 197; 1; 96; 96; 6; 1],0.005082149276859127,0.1701147534892718,tvm
24,12,1,1,64,32,2,1,[24; 12; 1; 1; 64; 32; 2; 1],0.00758337537990883,0.1140057729067561,tvm
12,12,197,1,96,16,1,1,[12; 12; 197; 1; 96; 16; 1; 1],0.0065281860588584095,0.13243320022342558,tvm
12,2,197,1,64,32,2,1,[12; 2; 197; 1; 64; 32; 2; 1],0.005181287000596058,0.16685981134206873,tvm
24,6,1,1,96,48,3,1,[24; 6; 1; 1; 96; 48; 3; 1],0.004183787685178686,0.20664255370588847,tvm
24,3,197,1,96,16,1,1,[24; 3; 197; 1; 96; 16; 1; 1],0.005723764748836402,0.15104544113283613,tvm
16,4,197,1,64,16,1,1,[16; 4; 197; 1; 64; 16; 1; 1],0.008988434870843776,0.09618455090918551,tvm
16,2,1,1,48,48,3,1,[16; 2; 1; 1; 48; 48; 3; 1],0.0032422577496618032,0.26665016731589325,tvm
12,6,197,1,64,32,2,1,[12; 6; 197; 1; 64; 32; 2; 1],0.004646120156394318,0.1860796841938577,tvm
12,6,197,1,32,32,2,1,[12; 6; 197; 1; 32; 32; 2; 1],0.005410254467278719,0.15979813457155687,tvm
24,4,197,1,64,16,1,1,[24; 4; 197; 1; 64; 16; 1; 1],0.006539801004691981,0.13219799360994333,tvm
24,2,1,1,48,48,3,1,[24; 2; 1; 1; 48; 48; 3; 1],0.002038280767010292,0.4241557813925082,tvm
12,6,1,1,48,48,3,1,[12; 6; 1; 1; 48; 48; 3; 1],0.0020832969385082833,0.4149905639700213,tvm
24,6,197,1,48,16,1,1,[24; 6; 197; 1; 48; 16; 1; 1],0.0024503990789526142,0.35281949738493595,tvm
24,6,197,1,32,32,2,1,[24; 6; 197; 1; 32; 32; 2; 1],0.006465526559622958,0.13371665299894586,tvm
24,6,197,1,64,32,2,1,[24; 6; 197; 1; 64; 32; 2; 1],0.007285115818376653,0.11867327754045498,tvm
12,3,197,1,16,16,1,1,[12; 3; 197; 1; 16; 16; 1; 1],0.006647260248428211,0.13006088811296349,tvm
16,8,197,1,48,16,1,1,[16; 8; 197; 1; 48; 16; 1; 1],0.005362746996979695,0.16121375330879606,tvm
16,8,197,1,32,16,1,1,[16; 8; 197; 1; 32; 16; 1; 1],0.00797648774459958,0.10838712464817706,tvm
16,16,1,1,48,48,3,1,[16; 16; 1; 1; 48; 48; 3; 1],0.0019812753598671407,0.43635962417992513,tvm
12,6,197,1,96,48,3,1,[12; 6; 197; 1; 96; 48; 3; 1],0.0013863198437320534,0.6236285048774578,tvm
24,24,197,1,16,16,1,1,[24; 24; 197; 1; 16; 16; 1; 1],0.005392137027229182,0.16033505214403473,tvm
24,8,197,1,64,32,2,1,[24; 8; 197; 1; 64; 32; 2; 1],0.008421639431617223,0.10265798939133049,tvm
24,12,1,1,64,64,4,1,[24; 12; 1; 1; 64; 64; 4; 1],0.004667619527026545,0.18522258860702864,tvm
24,12,197,1,32,32,2,1,[24; 12; 197; 1; 32; 32; 2; 1],0.0042840484384214506,0.2018064417000693,tvm
24,8,197,1,96,48,3,1,[24; 8; 197; 1; 96; 48; 3; 1],0.00703179843549151,0.12294842910526929,tvm
24,2,197,1,64,64,4,1,[24; 2; 197; 1; 64; 64; 4; 1],0.007668817124795169,0.11273558325354684,tvm
16,4,197,1,64,64,4,1,[16; 4; 197; 1; 64; 64; 4; 1],0.0023115918920666445,0.37400571199254146,tvm
12,4,197,1,48,48,3,1,[12; 4; 197; 1; 48; 48; 3; 1],0.001778722751623718,0.4860502125130872,tvm
12,6,197,1,48,48,3,1,[12; 6; 197; 1; 48; 48; 3; 1],0.003551462839823216,0.2434344973947712,tvm
24,4,197,1,64,64,4,1,[24; 4; 197; 1; 64; 64; 4; 1],0.00430097509524785,0.20101222450318573,tvm
24,6,197,1,64,64,4,1,[24; 6; 197; 1; 64; 64; 4; 1],0.0047030028727022,0.18382905450615397,tvm
12,12,197,1,48,48,3,1,[12; 12; 197; 1; 48; 48; 3; 1],0.006934451186680235,0.12467440438389776,tvm
16,8,197,1,48,48,3,1,[16; 8; 197; 1; 48; 48; 3; 1],0.005492915908689611,0.15739337463020037,tvm
24,12,197,1,48,48,3,1,[24; 12; 197; 1; 48; 48; 3; 1],0.008116644559777342,0.10651551451604872,tvm
8,8,197,1,96,48,3,1,[8; 8; 197; 1; 96; 48; 3; 1],0.0017227847201866098,0.5018320404739396,tvm
6,6,197,1,96,96,6,0,[6; 6; 197; 1; 96; 96; 6; 0],0.005423101283668075,0.15941958783476903,tvm
16,4,197,1,128,128,8,0,[16; 4; 197; 1; 128; 128; 8; 0],0.005529451715119649,0.1563533992103707,tvm
4,4,197,1,128,128,8,1,[4; 4; 197; 1; 128; 128; 8; 1],0.004657679281081073,0.18561788376891097,tvm
24,3,1,1,128,128,8,1,[24; 3; 1; 1; 128; 128; 8; 1],0.0037544954029726796,0.23027024370413443,tvm
16,1,1,1,64,64,4,1,[16; 1; 1; 1; 64; 64; 4; 1],0.003974417064455338,0.2175283965944452,tvm
24,6,197,1,128,128,8,0,[24; 6; 197; 1; 128; 128; 8; 0],0.004575458435283508,0.18895343136802017,tvm
24,2,1,1,96,48,3,0,[24; 2; 1; 1; 96; 48; 3; 0],0.004516763401625212,0.19140886837630045,tvm
6,1,197,1,64,64,4,1,[6; 1; 197; 1; 64; 64; 4; 1],0.002347383546293713,0.368303072070863,tvm
6,3,197,1,96,96,6,1,[6; 3; 197; 1; 96; 96; 6; 1],0.0016558267016080208,0.5221250331263432,tvm
3,1,1,1,96,48,3,1,[3; 1; 1; 1; 96; 48; 3; 1],0.004320620311773382,0.20009825188127228,tvm
24,4,1,1,192,48,3,1,[24; 4; 1; 1; 192; 48; 3; 1],0.003964278468629345,0.2180847229249993,tvm
4,4,197,1,64,64,4,1,[4; 4; 197; 1; 64; 64; 4; 1],0.00516514962509973,0.16738112817242512,tvm
4,2,1,1,96,48,3,1,[4; 2; 1; 1; 96; 48; 3; 1],0.004759432500577532,0.1816495078612131,tvm
16,1,1,1,96,48,3,0,[16; 1; 1; 1; 96; 48; 3; 0],0.008364843379240483,0.10335502199290088,tvm
16,2,1,1,96,48,3,0,[16; 2; 1; 1; 96; 48; 3; 0],0.008536452369298786,0.10127726765487574,tvm
12,3,197,1,192,48,3,1,[12; 3; 197; 1; 192; 48; 3; 1],0.0032833967852639034,0.2633091971426424,tvm
8,2,1,1,96,48,3,0,[8; 2; 1; 1; 96; 48; 3; 0],0.006593860074644908,0.1311141822303727,tvm
12,1,197,1,64,64,4,1,[12; 1; 197; 1; 64; 64; 4; 1],0.0036470528139034286,0.23705403117078744,tvm
24,4,197,1,192,48,3,1,[24; 4; 197; 1; 192; 48; 3; 1],0.0037328423422877677,0.23160596996944444,tvm
6,1,197,1,96,48,3,0,[6; 1; 197; 1; 96; 48; 3; 0],0.007998074448551051,0.10809458914016422,tvm
8,4,1,1,128,64,4,1,[8; 4; 1; 1; 128; 64; 4; 1],0.004345262932474725,0.19896346547116575,tvm
8,2,197,1,96,48,3,0,[8; 2; 197; 1; 96; 48; 3; 0],0.004787857280462049,0.18057108238304437,tvm
24,6,197,1,128,64,4,1,[24; 6; 197; 1; 128; 64; 4; 1],0.004040748062834609,0.2139575538946334,tvm
24,6,1,1,96,96,6,1,[24; 6; 1; 1; 96; 96; 6; 1],0.0031256854708772153,0.2765948715837804,tvm
8,4,1,1,128,128,8,1,[8; 4; 1; 1; 128; 128; 8; 1],0.003569148713722825,0.24222822885034623,tvm
6,6,1,1,128,128,8,1,[6; 6; 1; 1; 128; 128; 8; 1],0.004167404877080116,0.20745490225425747,tvm
12,2,197,1,96,48,3,0,[12; 2; 197; 1; 96; 48; 3; 0],0.007566426633275114,0.11426114509939457,tvm
1,1,1,1,48,48,3,0,[1; 1; 1; 1; 48; 48; 3; 0],0.022583902347832918,0.038281629016675714,tvm
24,6,197,1,96,96,6,1,[24; 6; 197; 1; 96; 96; 6; 1],0.005466256880026776,0.1581609848208115,tvm
16,4,197,1,96,96,6,1,[16; 4; 197; 1; 96; 96; 6; 1],0.005057526686869096,0.17094295788358507,tvm
8,4,197,1,128,128,8,1,[8; 4; 197; 1; 128; 128; 8; 1],0.007524835993535817,0.11489267967717286,tvm
16,4,197,1,128,128,8,1,[16; 4; 197; 1; 128; 128; 8; 1],0.0018657325163076166,0.46338291468466164,tvm
16,4,1,1,96,48,3,0,[16; 4; 1; 1; 96; 48; 3; 0],0.004979791847290471,0.1736113873713369,tvm
12,6,1,1,192,48,3,1,[12; 6; 1; 1; 192; 48; 3; 1],0.0036910897470079362,0.23422583320532642,tvm
2,1,197,1,48,48,3,0,[2; 1; 197; 1; 48; 48; 3; 0],0.00954748249205295,0.09055251707957535,tvm
2,2,197,1,48,48,3,0,[2; 2; 197; 1; 48; 48; 3; 0],0.007121501868823543,0.12139975350050605,tvm
24,6,197,1,96,48,3,0,[24; 6; 197; 1; 96; 48; 3; 0],0.005841922218678519,0.14799042833270346,tvm
12,6,197,1,128,64,4,1,[12; 6; 197; 1; 128; 64; 4; 1],0.006364391680108383,0.1358415092727053,tvm
6,1,1,1,96,48,3,1,[6; 1; 1; 1; 96; 48; 3; 1],0.002954523060907377,0.29261865742995957,tvm
4,4,1,1,48,48,3,0,[4; 4; 1; 1; 48; 48; 3; 0],0.004621728745405562,0.1870617292908016,tvm
16,2,197,1,96,48,3,1,[16; 2; 197; 1; 96; 48; 3; 1],0.0018047204684989993,0.4790484656871119,tvm
4,4,197,1,96,48,3,1,[4; 4; 197; 1; 96; 48; 3; 1],0.004421106626978144,0.19555026475792014,tvm
16,16,1,1,48,48,3,1,[16; 16; 1; 1; 48; 48; 3; 1],0.004797305715328548,0.18021544231924397,tvm
12,4,197,1,96,48,3,0,[12; 4; 197; 1; 96; 48; 3; 0],0.0061074650002410635,0.14155604189208573,tvm
6,2,1,1,48,48,3,0,[6; 2; 1; 1; 48; 48; 3; 0],0.005124642186274286,0.1687041826537971,tvm
6,1,197,1,48,48,3,0,[6; 1; 197; 1; 48; 48; 3; 0],0.006649453309364617,0.13001799263873356,tvm
24,2,197,1,48,48,3,0,[24; 2; 197; 1; 48; 48; 3; 0],0.007739426931948401,0.11170705260614447,tvm
16,4,1,1,96,48,3,1,[16; 4; 1; 1; 96; 48; 3; 1],0.001786832814104855,0.48384413169716833,tvm
8,2,1,1,48,48,3,0,[8; 2; 1; 1; 48; 48; 3; 0],0.0035648840639623813,0.2425180050505268,tvm
16,1,197,1,48,48,3,0,[16; 1; 197; 1; 48; 48; 3; 0],0.006359114937367849,0.13595422947118854,tvm
24,3,197,1,48,48,3,0,[24; 3; 197; 1; 48; 48; 3; 0],0.0041377795350854285,0.20894022122198977,tvm
12,1,197,1,48,48,3,0,[12; 1; 197; 1; 48; 48; 3; 0],0.006647736809100024,0.1300515643527131,tvm
24,4,1,1,48,48,3,0,[24; 4; 1; 1; 48; 48; 3; 0],0.00440177800192032,0.1964089445336415,tvm
24,6,1,1,48,48,3,0,[24; 6; 1; 1; 48; 48; 3; 0],0.008625763424788602,0.10022864398808382,tvm
12,3,1,1,48,48,3,0,[12; 3; 1; 1; 48; 48; 3; 0],0.0080883453192655,0.10688818754675533,tvm
8,4,197,1,96,48,3,1,[8; 4; 197; 1; 96; 48; 3; 1],0.004077547222550493,0.21202662390940968,tvm
12,6,1,1,48,48,3,0,[12; 6; 1; 1; 48; 48; 3; 0],0.00412096171930898,0.20979291493480373,tvm
6,1,1,1,48,48,3,1,[6; 1; 1; 1; 48; 48; 3; 1],0.0044771638422389515,0.19310183899730274,tvm
16,1,1,1,48,48,3,1,[16; 1; 1; 1; 48; 48; 3; 1],0.003854007722111419,0.22432455608960958,tvm
16,2,1,1,48,48,3,1,[16; 2; 1; 1; 48; 48; 3; 1],0.0032725062483223155,0.26418546087476263,tvm
24,4,1,1,48,48,3,1,[24; 4; 1; 1; 48; 48; 3; 1],0.005323458470229525,0.16240355330344028,tvm
12,3,197,1,48,48,3,1,[12; 3; 197; 1; 48; 48; 3; 1],0.005259730314719491,0.1643712737531637,tvm
8,4,197,1,48,48,3,1,[8; 4; 197; 1; 48; 48; 3; 1],0.004286735471396241,0.2016799443766418,tvm
16,2,197,1,192,64,4,1,[16; 2; 197; 1; 192; 64; 4; 1],0.0027434043913672213,0.31513712457014376,tvm
8,8,1,1,64,64,4,1,[8; 8; 1; 1; 64; 64; 4; 1],0.0034214585612062365,0.2526842152148628,tvm
12,4,1,1,128,128,8,1,[12; 4; 1; 1; 128; 128; 8; 1],0.0032804592192405835,0.2635449836894213,tvm
24,1,1,1,192,48,3,1,[24; 1; 1; 1; 192; 48; 3; 1],0.003984684124588966,0.2169679062120771,tvm
12,1,197,1,128,64,4,1,[12; 1; 197; 1; 128; 64; 4; 1],0.0064588883687974885,0.1338540817031542,tvm
16,4,197,1,192,96,6,1,[16; 4; 197; 1; 192; 96; 6; 1],0.004998952223104425,0.17294595604109889,tvm
6,3,197,1,192,192,12,1,[6; 3; 197; 1; 192; 192; 12; 1],0.00653285050066188,0.13233864319120406,tvm
24,6,1,1,192,48,3,1,[24; 6; 1; 1; 192; 48; 3; 1],0.007857270815293305,0.11003166261570413,tvm
12,2,197,1,128,64,4,1,[12; 2; 197; 1; 128; 64; 4; 1],0.0017620697326492518,0.49064378974873624,tvm
48,1,1,1,128,128,8,1,[48; 1; 1; 1; 128; 128; 8; 1],0.003525614316458814,0.24521927069349392,tvm
16,8,1,1,96,96,6,1,[16; 8; 1; 1; 96; 96; 6; 1],0.0026823920343304053,0.32230507709675077,tvm
64,4,1,1,128,128,8,1,[64; 4; 1; 1; 128; 128; 8; 1],0.0068650801258627325,0.12593422881862196,tvm
48,2,1,1,128,128,8,1,[48; 2; 1; 1; 128; 128; 8; 1],0.007011974055785686,0.12329603112481845,tvm
32,2,1,1,128,128,8,1,[32; 2; 1; 1; 128; 128; 8; 1],0.004169748899585102,0.2073382815724457,tvm
24,4,1,1,96,96,6,1,[24; 4; 1; 1; 96; 96; 6; 1],0.004094483098015189,0.21114962517433847,tvm
24,3,197,1,192,192,12,1,[24; 3; 197; 1; 192; 192; 12; 1],0.005256027812720276,0.1644870617572172,tvm
24,6,197,1,128,128,8,1,[24; 6; 197; 1; 128; 128; 8; 1],0.0019293437180749606,0.44810500240526924,tvm
16,16,1,1,96,96,6,1,[16; 16; 1; 1; 96; 96; 6; 1],0.0027782988763647154,0.3111791099162794,tvm
16,4,197,1,128,64,4,1,[16; 4; 197; 1; 128; 64; 4; 1],0.0018163967688451521,0.47596900977656065,tvm
6,6,197,1,128,128,8,1,[6; 6; 197; 1; 128; 128; 8; 1],0.004974648094503209,0.1737909003822529,tvm
24,3,1,1,128,128,8,1,[24; 3; 1; 1; 128; 128; 8; 1],0.001907153953652596,0.4533187107274592,tvm
16,2,1,1,128,128,8,1,[16; 2; 1; 1; 128; 128; 8; 1],0.0037007359351264313,0.23361530965300692,tvm
48,2,197,1,128,128,8,1,[48; 2; 197; 1; 128; 128; 8; 1],0.007029819244053215,0.12298304428807684,tvm
24,4,197,1,192,48,3,1,[24; 4; 197; 1; 192; 48; 3; 1],0.01035071893420536,0.08352546107416296,tvm
24,2,197,1,128,128,8,1,[24; 2; 197; 1; 128; 128; 8; 1],0.0019725705788005143,0.43828524095410987,tvm
16,8,197,1,48,48,3,1,[16; 8; 197; 1; 48; 48; 3; 1],0.0016397887811763212,0.5272316662688579,tvm
12,4,1,1,192,48,3,1,[12; 4; 1; 1; 192; 48; 3; 1],0.0036896895326208323,0.23431472046225846,tvm
8,8,197,1,96,96,6,1,[8; 8; 197; 1; 96; 96; 6; 1],0.004055378747580107,0.21318565422390148,tvm
24,1,1,1,48,48,3,1,[24; 1; 1; 1; 48; 48; 3; 1],0.008868670876836404,0.09748344294595918,tvm
24,4,1,1,48,48,3,1,[24; 4; 1; 1; 48; 48; 3; 1],0.00534254915692145,0.16182323195071027,tvm
6,2,1,1,64,64,4,1,[6; 2; 1; 1; 64; 64; 4; 1],0.005529837682843208,0.15634248616571636,tvm
16,1,197,1,64,64,4,1,[16; 1; 197; 1; 64; 64; 4; 1],0.007042523371637799,0.12276119308461922,tvm
12,12,1,1,48,48,3,1,[12; 12; 1; 1; 48; 48; 3; 1],0.001480383654779871,0.5840030512611458,tvm
12,4,1,1,64,64,4,1,[12; 4; 1; 1; 64; 64; 4; 1],0.0021641607345372904,0.39948445493509827,tvm
16,2,197,1,64,64,4,1,[16; 2; 197; 1; 64; 64; 4; 1],0.0023258212822838686,0.37171754253603584,tvm
6,2,1,1,48,48,3,1,[6; 2; 1; 1; 48; 48; 3; 1],0.00436730009096209,0.1979595066566897,tvm
24,3,197,1,48,48,3,1,[24; 3; 197; 1; 48; 48; 3; 1],0.003689624529215507,0.23431884859362445,tvm
12,6,197,1,64,64,4,1,[12; 6; 197; 1; 64; 64; 4; 1],0.004312210876378231,0.20048847243636989,tvm
16,1,197,1,192,48,3,1,[16; 1; 197; 1; 192; 48; 3; 1],0.007679215748794377,0.11258292509418087,tvm
6,6,197,1,64,64,4,1,[6; 6; 197; 1; 64; 64; 4; 1],0.006891103999805637,0.1254586451536584,tvm
12,4,197,1,192,48,3,1,[12; 4; 197; 1; 192; 48; 3; 1],0.0028026059371768497,0.3084802468874584,tvm
12,2,1,1,48,48,3,1,[12; 2; 1; 1; 48; 48; 3; 1],0.0035593125940067694,0.24289762379519936,tvm
6,2,1,1,96,96,6,1,[6; 2; 1; 1; 96; 96; 6; 1],0.0033752430899767205,0.2561440904792829,tvm
16,2,1,1,96,96,6,1,[16; 2; 1; 1; 96; 96; 6; 1],0.0030496664221573155,0.28348955320070546,tvm
16,4,197,1,192,48,3,1,[16; 4; 197; 1; 192; 48; 3; 1],0.003477218466287013,0.24863222711218935,tvm
6,6,1,1,96,96,6,1,[6; 6; 1; 1; 96; 96; 6; 1],0.00160371546735405,0.5390909977659436,tvm
12,6,1,1,96,96,6,1,[12; 6; 1; 1; 96; 96; 6; 1],0.002964008686831221,0.29168219893203073,tvm
16,4,1,1,96,96,6,1,[16; 4; 1; 1; 96; 96; 6; 1],0.006195391375513282,0.13954704699458062,tvm
6,3,1,1,96,96,6,1,[6; 3; 1; 1; 96; 96; 6; 1],0.0016344371542800218,0.5289579774692589,tvm
12,4,1,1,96,96,6,1,[12; 4; 1; 1; 96; 96; 6; 1],0.0013597140787169337,0.6358311537410754,tvm
8,1,1,1,96,48,3,1,[8; 1; 1; 1; 96; 48; 3; 1],0.006918392871739343,0.12496378674303538,tvm
8,8,1,1,96,48,3,1,[8; 8; 1; 1; 96; 48; 3; 1],0.0034798215638147667,0.24844623655955708,tvm
6,2,197,1,96,96,6,1,[6; 2; 197; 1; 96; 96; 6; 1],0.004634739307221025,0.1865366127673213,tvm
16,4,1,1,48,48,3,1,[16; 4; 1; 1; 48; 48; 3; 1],0.005794411968963686,0.14920384951213495,tvm
12,4,1,1,48,48,3,1,[12; 4; 1; 1; 48; 48; 3; 1],0.007273535011336207,0.11886222725004067,tvm
6,6,197,1,48,48,3,1,[6; 6; 197; 1; 48; 48; 3; 1],0.005811316972540226,0.14876981853059418,tvm
6,3,1,1,96,48,3,1,[6; 3; 1; 1; 96; 48; 3; 1],0.0013075841870886507,0.6611800448225804,tvm
16,4,197,1,96,96,6,1,[16; 4; 197; 1; 96; 96; 6; 1],0.0027046164686908014,0.31965662467738554,tvm
6,1,197,1,96,48,3,1,[6; 1; 197; 1; 96; 48; 3; 1],0.00540119062497979,0.16006629490730226,tvm
8,4,1,1,96,48,3,1,[8; 4; 1; 1; 96; 48; 3; 1],0.0033063897863030434,0.26147811580172,tvm
8,2,197,1,96,48,3,1,[8; 2; 197; 1; 96; 48; 3; 1],0.0035562619668780826,0.24310598585838383,tvm
12,1,197,1,96,48,3,1,[12; 1; 197; 1; 96; 48; 3; 1],0.0027719943136617076,0.31188684881771384,tvm
16,2,197,1,96,48,3,1,[16; 2; 197; 1; 96; 48; 3; 1],0.00358656162279658,0.24105220050686027,tvm
16,4,197,1,96,48,3,1,[16; 4; 197; 1; 96; 48; 3; 1],0.0054292385902954265,0.15923937713364109,tvm
16,16,197,1,192,96,6,1,[16; 16; 197; 1; 192; 96; 6; 1],0.0028904344035254326,0.2991067952879645,tvm
12,6,197,1,192,96,6,1,[12; 6; 197; 1; 192; 96; 6; 1],0.004356673402071465,0.19844236453838954,tvm
24,2,197,1,64,64,4,1,[24; 2; 197; 1; 64; 64; 4; 1],0.0022421313915401697,0.3855922871829085,tvm
4,4,1,1,48,48,3,1,[4; 4; 1; 1; 48; 48; 3; 1],0.0035935023115598597,0.2405866189782107,tvm
16,16,1,1,192,64,4,1,[16; 16; 1; 1; 192; 64; 4; 1],0.006727284620865248,0.1285137496259784,tvm
6,6,197,1,192,48,3,1,[6; 6; 197; 1; 192; 48; 3; 1],0.010861680741072632,0.0795962054159211,tvm
6,1,1,1,64,64,4,1,[6; 1; 1; 1; 64; 64; 4; 1],0.006711292313411832,0.12881998444634268,tvm
3,3,1,1,48,48,3,1,[3; 3; 1; 1; 48; 48; 3; 1],0.007175908380304463,0.12047932130815331,tvm
12,6,1,1,192,192,12,1,[12; 6; 1; 1; 192; 192; 12; 1],0.006306759445578791,0.1370828519604697,tvm
16,4,1,1,192,192,12,1,[16; 4; 1; 1; 192; 192; 12; 1],0.005023501093091909,0.17210080288774285,tvm
24,3,1,1,64,64,4,1,[24; 3; 1; 1; 64; 64; 4; 1],0.004280816778191365,0.20195878876036386,tvm
24,24,1,1,96,96,6,1,[24; 24; 1; 1; 96; 96; 6; 1],0.0031286794401239604,0.2763301859375908,tvm
16,2,1,1,192,192,12,1,[16; 2; 1; 1; 192; 192; 12; 1],0.004943902342347428,0.174871692756389,tvm
16,8,197,1,192,64,4,1,[16; 8; 197; 1; 192; 64; 4; 1],0.003170952812070027,0.27264630622623054,tvm
6,6,1,1,192,48,3,1,[6; 6; 1; 1; 192; 48; 3; 1],0.00676351944275666,0.12782525115004337,tvm
8,2,1,1,128,128,8,1,[8; 2; 1; 1; 128; 128; 8; 1],0.00369387256068876,0.23404937696804773,tvm
12,12,1,1,192,64,4,1,[12; 12; 1; 1; 192; 64; 4; 1],0.003511462280584965,0.24620756321624182,tvm
24,3,1,1,128,64,4,1,[24; 3; 1; 1; 128; 64; 4; 1],0.0022700979352521244,0.38084197073750997,tvm
24,4,197,1,96,96,6,1,[24; 4; 197; 1; 96; 96; 6; 1],0.0027325995615683496,0.31638319188354547,tvm
8,2,197,1,48,48,3,1,[8; 2; 197; 1; 48; 48; 3; 1],0.0028178581887914333,0.30681053250567314,tvm
24,3,197,1,48,48,3,1,[24; 3; 197; 1; 48; 48; 3; 1],0.0035822671561618336,0.2413411768972806,tvm
12,3,1,1,192,96,6,1,[12; 3; 1; 1; 192; 96; 6; 1],0.00657601906277705,0.13146990043296392,tvm
8,4,197,1,128,64,4,1,[8; 4; 197; 1; 128; 64; 4; 1],0.006388787442119792,0.13532279470260716,tvm
6,2,1,1,128,64,4,1,[6; 2; 1; 1; 128; 64; 4; 1],0.003600269752496388,0.24013438738280732,tvm
6,2,197,1,128,64,4,1,[6; 2; 197; 1; 128; 64; 4; 1],0.002094593186484417,0.4127524986747604,tvm
16,8,197,1,192,48,3,1,[16; 8; 197; 1; 192; 48; 3; 1],0.0034684518759604543,0.24926065067261974,tvm
12,3,1,1,192,48,3,1,[12; 3; 1; 1; 192; 48; 3; 1],0.0034171092192991637,0.2530058350332411,tvm
12,12,1,1,192,48,3,1,[12; 12; 1; 1; 192; 48; 3; 1],0.00490289340086747,0.17633436029337424,tvm
6,3,197,1,128,128,8,1,[6; 3; 197; 1; 128; 128; 8; 1],0.003578961724997498,0.2415640730075636,tvm
24,8,1,1,128,128,8,1,[24; 8; 1; 1; 128; 128; 8; 1],0.0037733357821707614,0.22912049744250576,tvm
24,24,1,1,128,128,8,1,[24; 24; 1; 1; 128; 128; 8; 1],0.0037317008755053394,0.23167681447980365,tvm
8,2,1,1,96,48,3,1,[8; 2; 1; 1; 96; 48; 3; 1],0.00657570174371358,0.13147624468446828,tvm
12,1,197,1,96,96,6,1,[12; 1; 197; 1; 96; 96; 6; 1],0.002825907438818831,0.3059366204117196,tvm
16,4,1,1,48,48,3,1,[16; 4; 1; 1; 48; 48; 3; 1],0.0020124066722928546,0.4296092749700237,tvm
16,2,1,1,128,64,4,1,[16; 2; 1; 1; 128; 64; 4; 1],0.0045455354629666544,0.1901972998499767,tvm
6,2,1,1,96,48,3,1,[6; 2; 1; 1; 96; 48; 3; 1],0.005337690497981384,0.16197053234081812,tvm
12,12,1,1,128,128,8,1,[12; 12; 1; 1; 128; 128; 8; 1],0.0038204181837500073,0.22629684234723135,tvm
12,6,1,1,128,64,4,1,[12; 6; 1; 1; 128; 64; 4; 1],0.007296002935618162,0.11849619292338202,tvm
12,12,1,1,128,64,4,1,[12; 12; 1; 1; 128; 64; 4; 1],0.008588348253397271,0.10066529045169821,tvm
24,4,1,1,128,128,8,1,[24; 4; 1; 1; 128; 128; 8; 1],0.0034664471895666793,0.24940480098202322,tvm
12,6,197,1,128,64,4,1,[12; 6; 197; 1; 128; 64; 4; 1],0.0021063938438601326,0.4104401339515017,tvm
12,3,1,1,128,128,8,1,[12; 3; 1; 1; 128; 128; 8; 1],0.002008572715567425,0.43042931168381177,tvm
12,4,197,1,128,64,4,1,[12; 4; 197; 1; 128; 64; 4; 1],0.004232594474160578,0.20425972218848854,tvm
16,8,197,1,128,128,8,1,[16; 8; 197; 1; 128; 128; 8; 1],0.0037700044995290227,0.22932295479662618,tvm
24,3,1,1,128,128,8,1,[24; 3; 1; 1; 128; 128; 8; 1],0.00379311059077736,0.2279260123684901,tvm
12,3,197,1,128,128,8,1,[12; 3; 197; 1; 128; 128; 8; 1],0.003875212656566873,0.22309706538646884,tvm
16,16,1,1,64,64,4,1,[16; 16; 1; 1; 64; 64; 4; 1],0.006183240744576324,0.13982126964519645,tvm
12,4,197,1,64,64,4,1,[12; 4; 197; 1; 64; 64; 4; 1],0.006704398620058782,0.12895244158692212,tvm
12,3,197,1,64,64,4,1,[12; 3; 197; 1; 64; 64; 4; 1],0.003608321654610336,0.23959853200003434,tvm
16,2,197,1,96,96,6,1,[16; 2; 197; 1; 96; 96; 6; 1],0.007175523118348792,0.12048578997924245,tvm
12,3,197,1,128,64,4,1,[12; 3; 197; 1; 128; 64; 4; 1],0.006536320623126812,0.1322683848111161,tvm
16,8,1,1,48,48,3,1,[16; 8; 1; 1; 48; 48; 3; 1],0.007600075128721073,0.11375526646590611,tvm
8,4,197,1,96,48,3,1,[8; 4; 197; 1; 96; 48; 3; 1],0.003484315690002404,0.24812578662410892,tvm
6,2,1,1,96,96,6,1,[6; 2; 1; 1; 96; 96; 6; 1],0.007748396878014319,0.11157773472880357,tvm
12,2,1,1,96,96,6,1,[12; 2; 1; 1; 96; 96; 6; 1],0.0029808925319230184,0.29003010412818814,tvm
16,4,1,1,96,96,6,1,[16; 4; 1; 1; 96; 96; 6; 1],0.006355292192893103,0.1360360067150595,tvm
12,4,1,1,64,64,4,1,[12; 4; 1; 1; 64; 64; 4; 1],0.00899853912414983,0.09607654748183948,tvm
6,6,197,1,96,96,6,1,[6; 6; 197; 1; 96; 96; 6; 1],0.003920701812603511,0.22050862645289385,tvm
16,8,1,1,96,48,3,1,[16; 8; 1; 1; 96; 48; 3; 1],0.005633369873976335,0.15346916513016506,tvm
8,8,197,1,96,48,3,1,[8; 8; 197; 1; 96; 48; 3; 1],0.005079770562588237,0.1701944134634435,tvm
12,6,197,1,96,96,6,1,[12; 6; 197; 1; 96; 96; 6; 1],0.0037281688419170678,0.23189630300756722,tvm
12,12,1,1,96,96,6,1,[12; 12; 1; 1; 96; 96; 6; 1],0.004086763154191431,0.21154848930794548,tvm
12,6,1,1,96,96,6,1,[12; 6; 1; 1; 96; 96; 6; 1],0.004717089839687105,0.18328007326778384,tvm
6,6,1,1,96,96,6,1,[6; 6; 1; 1; 96; 96; 6; 1],0.0052799849363509566,0.1637407268866317,tvm
16,4,1,1,192,48,3,1,[16; 4; 1; 1; 192; 48; 3; 1],0.0036707178442156874,0.23552574949091387,tvm
3,3,197,1,128,64,4,1,[3; 3; 197; 1; 128; 64; 4; 1],0.002971310281282058,0.29096542925013436,tvm
24,2,197,1,192,96,6,1,[24; 2; 197; 1; 192; 96; 6; 1],0.0031339535635197535,0.2758651504898477,tvm
12,1,1,1,192,48,3,1,[12; 1; 1; 1; 192; 48; 3; 1],0.0037528016910073347,0.23037416911750205,tvm
12,1,1,1,64,64,4,1,[12; 1; 1; 1; 64; 64; 4; 1],0.007296275740372948,0.11849176239937172,tvm
16,2,197,1,192,96,6,1,[16; 2; 197; 1; 192; 96; 6; 1],0.005478811188368127,0.15779857011025755,tvm
48,1,197,1,128,128,8,1,[48; 1; 197; 1; 128; 128; 8; 1],0.007562443570350297,0.11432132529466596,tvm
8,2,1,1,64,64,4,1,[8; 2; 1; 1; 64; 64; 4; 1],0.008497392438584939,0.10174280847649585,tvm
32,2,1,1,128,128,8,1,[32; 2; 1; 1; 128; 128; 8; 1],0.002181663421652047,0.3962795373696548,tvm
24,12,197,1,128,64,4,1,[24; 12; 197; 1; 128; 64; 4; 1],0.004046748530527111,0.21364030033167372,tvm
3,3,1,1,128,64,4,1,[3; 3; 1; 1; 128; 64; 4; 1],0.002846496077836491,0.3037237880495098,tvm
24,2,1,1,192,64,4,1,[24; 2; 1; 1; 192; 64; 4; 1],0.003281552249973174,0.2634572012180025,tvm
6,6,1,1,64,64,4,1,[6; 6; 1; 1; 64; 64; 4; 1],0.004652679876016919,0.18581733419594235,tvm
8,8,1,1,64,64,4,1,[8; 8; 1; 1; 64; 64; 4; 1],0.0034589314673212357,0.24994671897854043,tvm
4,4,1,1,128,128,8,1,[4; 4; 1; 1; 128; 128; 8; 1],0.00687410325917881,0.1257689241537305,tvm
8,8,197,1,64,64,4,1,[8; 8; 197; 1; 64; 64; 4; 1],0.005139214306836948,0.16822582593577,tvm
12,12,197,1,192,48,3,1,[12; 12; 197; 1; 192; 48; 3; 1],0.0028125775315857027,0.3073865739591355,tvm
8,2,1,1,128,64,4,1,[8; 2; 1; 1; 128; 64; 4; 1],0.00185181026608916,0.46686671267592245,tvm
16,2,1,1,192,48,3,1,[16; 2; 1; 1; 192; 48; 3; 1],0.003576046248781495,0.24176101517791007,tvm
8,2,1,1,96,48,3,1,[8; 2; 1; 1; 96; 48; 3; 1],0.004230815495247953,0.20434560958747347,tvm
8,1,1,1,128,128,8,1,[8; 1; 1; 1; 128; 128; 8; 1],0.005310537933837622,0.16279868107519788,tvm
12,2,1,1,192,48,3,1,[12; 2; 1; 1; 192; 48; 3; 1],0.0037472728436114267,0.2307140706080437,tvm
24,8,197,1,96,48,3,1,[24; 8; 197; 1; 96; 48; 3; 1],0.005773231343482621,0.14975124327982403,tvm
8,8,197,1,128,128,8,1,[8; 8; 197; 1; 128; 128; 8; 1],0.0036323152453405783,0.23801584197230335,tvm
12,1,197,1,192,64,4,1,[12; 1; 197; 1; 192; 64; 4; 1],0.0031429755326826125,0.27507327449369495,tvm
12,4,197,1,192,64,4,1,[12; 4; 197; 1; 192; 64; 4; 1],0.002657515655300813,0.3253220991206956,tvm
24,8,197,1,96,96,6,1,[24; 8; 197; 1; 96; 96; 6; 1],0.0015911568443698343,0.543345914947165,tvm
64,2,197,1,128,128,8,1,[64; 2; 197; 1; 128; 128; 8; 1],0.00686545207281597,0.12592740612840134,tvm
48,2,197,1,128,128,8,1,[48; 2; 197; 1; 128; 128; 8; 1],0.007065442128805444,0.122362982481146,tvm
6,3,197,1,192,64,4,1,[6; 3; 197; 1; 192; 64; 4; 1],0.00555595281184651,0.1556076159583581,tvm
16,4,197,1,192,48,3,1,[16; 4; 197; 1; 192; 48; 3; 1],0.0035330453465576284,0.24470350267961655,tvm
24,4,197,1,64,64,4,1,[24; 4; 197; 1; 64; 64; 4; 1],0.004485006844333839,0.19276415877063915,tvm
8,1,197,1,64,64,4,1,[8; 1; 197; 1; 64; 64; 4; 1],0.004349928436568007,0.19875006773920176,tvm
12,1,1,1,48,48,3,1,[12; 1; 1; 1; 48; 48; 3; 1],0.004461846030608285,0.19376477034343276,tvm
24,4,1,1,48,48,3,1,[24; 4; 1; 1; 48; 48; 3; 1],0.005997842286888044,0.14414326520698476,tvm
16,4,197,1,192,64,4,1,[16; 4; 197; 1; 192; 64; 4; 1],0.005338293747627176,0.16195222898943235,tvm
24,4,1,1,128,64,4,1,[24; 4; 1; 1; 128; 64; 4; 1],0.004823781971936114,0.17922629514732583,tvm
8,1,197,1,96,48,3,1,[8; 1; 197; 1; 96; 48; 3; 1],0.0042688763423939236,0.2025236858802392,tvm
32,4,197,1,128,128,8,1,[32; 4; 197; 1; 128; 128; 8; 1],0.004250392812537029,0.20340439332536148,tvm
4,4,197,1,96,96,6,1,[4; 4; 197; 1; 96; 96; 6; 1],0.007421148562571034,0.11649794693357428,tvm
8,1,197,1,128,64,4,1,[8; 1; 197; 1; 128; 64; 4; 1],0.0016793275935924612,0.5148182967559692,tvm
12,1,197,1,64,64,4,1,[12; 1; 197; 1; 64; 64; 4; 1],0.0036090044013690203,0.23955320506137875,tvm
48,3,197,1,128,128,8,1,[48; 3; 197; 1; 128; 128; 8; 1],0.0066558703110786155,0.1298926407850136,tvm
24,2,1,1,64,64,4,1,[24; 2; 1; 1; 64; 64; 4; 1],0.0022360718285199255,0.386637209235279,tvm
8,2,1,1,128,128,8,1,[8; 2; 1; 1; 128; 128; 8; 1],0.0040248466248158365,0.2148028613309284,tvm
12,4,1,1,64,64,4,1,[12; 4; 1; 1; 64; 64; 4; 1],0.00719268768443726,0.12019826375878737,tvm
12,1,1,1,128,128,8,1,[12; 1; 1; 1; 128; 128; 8; 1],0.0036676801610155962,0.23572081901197572,tvm
12,12,197,1,128,128,8,1,[12; 12; 197; 1; 128; 128; 8; 1],0.0039293664376600645,0.22002238405217547,tvm
8,4,1,1,128,128,8,1,[8; 4; 1; 1; 128; 128; 8; 1],0.0020476613462960813,0.42221267349330627,tvm
16,8,1,1,96,48,3,1,[16; 8; 1; 1; 96; 48; 3; 1],0.00369059565855423,0.23425719082085883,tvm
24,2,1,1,128,64,4,1,[24; 2; 1; 1; 128; 64; 4; 1],0.0047196371597237885,0.1831811518915933,tvm
12,1,197,1,48,48,3,1,[12; 1; 197; 1; 48; 48; 3; 1],0.003614941750129219,0.2391597517159626,tvm
6,2,197,1,48,48,3,1,[6; 2; 197; 1; 48; 48; 3; 1],0.0034471664985176176,0.2507997718707096,tvm
24,4,197,1,96,48,3,1,[24; 4; 197; 1; 96; 48; 3; 1],0.00446818378259195,0.19348993091932648,tvm
12,2,1,1,48,48,3,1,[12; 2; 1; 1; 48; 48; 3; 1],0.003148964409774635,0.27455012471558715,tvm
24,12,197,1,128,128,8,1,[24; 12; 197; 1; 128; 128; 8; 1],0.003941261747968383,0.21935832398703878,tvm
6,2,197,1,96,96,6,1,[6; 2; 197; 1; 96; 96; 6; 1],0.001319344928560895,0.6552862353983481,tvm
16,4,197,1,96,96,6,1,[16; 4; 197; 1; 96; 96; 6; 1],0.0015627535758540034,0.5532213042328945,tvm
12,6,1,1,96,96,6,1,[12; 6; 1; 1; 96; 96; 6; 1],0.004052845535625238,0.21331890490990457,tvm
12,12,1,1,48,48,3,1,[12; 12; 1; 1; 48; 48; 3; 1],0.0052572533750208095,0.1644487168026497,tvm
6,3,1,1,96,48,3,1,[6; 3; 1; 1; 96; 48; 3; 1],0.004767870843352284,0.18132801827759,tvm
12,4,1,1,96,48,3,1,[12; 4; 1; 1; 96; 48; 3; 1],0.004725563281681389,0.1829514324313437,tvm
12,6,197,1,96,48,3,1,[12; 6; 197; 1; 96; 48; 3; 1],0.0068225372524466366,0.12671950909737206,tvm
12,3,1,1,96,96,6,1,[12; 3; 1; 1; 96; 96; 6; 1],0.004436731156602036,0.19486160889917523,tvm
24,4,197,1,192,64,4,1,[24; 4; 197; 1; 192; 64; 4; 1],0.0033174279669765383,0.2606080915802099,tvm
12,2,1,1,64,64,4,1,[12; 2; 1; 1; 64; 64; 4; 1],0.004249263220117427,0.20345846483115249,tvm
12,1,1,1,192,48,3,1,[12; 1; 1; 1; 192; 48; 3; 1],0.00377997916075401,0.22871781421570478,tvm
8,4,1,1,192,48,3,1,[8; 4; 1; 1; 192; 48; 3; 1],0.0034305127192055807,0.25201730533993727,tvm
16,8,197,1,192,96,6,1,[16; 8; 197; 1; 192; 96; 6; 1],0.004982621750968974,0.17351278395965777,tvm
16,16,197,1,192,96,6,1,[16; 16; 197; 1; 192; 96; 6; 1],0.005603485435131006,0.1542876449733038,tvm
6,2,197,1,192,96,6,1,[6; 2; 197; 1; 192; 96; 6; 1],0.006274883009609766,0.1377792335099388,tvm
8,4,197,1,192,64,4,1,[8; 4; 197; 1; 192; 64; 4; 1],0.006392643816070631,0.13524116098180858,tvm
6,1,197,1,192,48,3,1,[6; 1; 197; 1; 192; 48; 3; 1],0.002975715575303184,0.29053467965952556,tvm
8,8,197,1,192,48,3,1,[8; 8; 197; 1; 192; 48; 3; 1],0.003382101502211299,0.2556246673446403,tvm
32,32,197,1,128,128,8,1,[32; 32; 197; 1; 128; 128; 8; 1],0.001754471733875107,0.4927685950910365,tvm
6,6,197,1,128,64,4,1,[6; 6; 197; 1; 128; 64; 4; 1],0.003678130618936848,0.23505107920242008,tvm
8,2,1,1,48,48,3,1,[8; 2; 1; 1; 48; 48; 3; 1],0.004217580215481576,0.20498687096810908,tvm
6,6,197,1,128,128,8,1,[6; 6; 197; 1; 128; 128; 8; 1],0.004244134594046045,0.20370432470294833,tvm
16,8,1,1,96,48,3,1,[16; 8; 1; 1; 96; 48; 3; 1],0.005582501216849778,0.1548676010708402,tvm
24,4,197,1,48,48,3,1,[24; 4; 197; 1; 48; 48; 3; 1],0.009938114759279415,0.08699321675887524,tvm
16,4,197,1,192,64,4,1,[16; 4; 197; 1; 192; 64; 4; 1],0.005553723436605651,0.15567007995575846,tvm
24,1,1,1,128,64,4,1,[24; 1; 1; 1; 128; 64; 4; 1],0.00222336465594708,0.38884695280014797,tvm
16,1,197,1,192,64,4,1,[16; 1; 197; 1; 192; 64; 4; 1],0.009326218438218348,0.09270087090022439,tvm
12,1,197,1,192,48,3,1,[12; 1; 197; 1; 192; 48; 3; 1],0.0028345977189019322,0.3049986831159522,tvm
12,12,197,1,128,128,8,1,[12; 12; 197; 1; 128; 128; 8; 1],0.0038917515266803093,0.22214896441912294,tvm
6,1,1,1,128,128,8,1,[6; 1; 1; 1; 128; 128; 8; 1],0.004212856219965033,0.20521672857749396,tvm
8,8,1,1,128,128,8,1,[8; 8; 1; 1; 128; 128; 8; 1],0.007497408310882747,0.11531299024672956,tvm
12,6,197,1,192,48,3,1,[12; 6; 197; 1; 192; 48; 3; 1],0.0066730663675116375,0.1295579159286795,tvm
4,1,197,1,96,96,6,1,[4; 1; 197; 1; 96; 96; 6; 1],0.001666989890509285,0.5186285629869306,tvm
6,2,197,1,192,48,3,1,[6; 2; 197; 1; 192; 48; 3; 1],0.007050416184938513,0.12262376415103943,tvm
8,1,1,1,128,64,4,1,[8; 1; 1; 1; 128; 64; 4; 1],0.003343651245813817,0.2585642185353417,tvm
8,1,197,1,192,64,4,1,[8; 1; 197; 1; 192; 64; 4; 1],0.0032596256569377147,0.2652294043607386,tvm
8,4,197,1,128,64,4,1,[8; 4; 197; 1; 128; 64; 4; 1],0.004428041407663841,0.19524401238259703,tvm
12,6,197,1,128,64,4,1,[12; 6; 197; 1; 128; 64; 4; 1],0.003915681183570996,0.22079135938236072,tvm
24,1,1,1,96,96,6,1,[24; 1; 1; 1; 96; 96; 6; 1],0.006386084627592936,0.13538006804561245,tvm
12,2,1,1,96,48,3,1,[12; 2; 1; 1; 96; 48; 3; 1],0.006768538180040196,0.12773047125272138,tvm
12,2,1,1,48,48,3,1,[12; 2; 1; 1; 48; 48; 3; 1],0.005168505376786925,0.1672724527503598,tvm
8,1,197,1,96,48,3,1,[8; 1; 197; 1; 96; 48; 3; 1],0.0033346722193527967,0.2592604353768736,tvm
24,2,1,1,64,64,4,1,[24; 2; 1; 1; 64; 64; 4; 1],0.00761715263070073,0.11350022946160111,tvm
16,8,1,1,48,48,3,1,[16; 8; 1; 1; 48; 48; 3; 1],0.003900048031937331,0.22167639073899068,tvm
8,4,197,1,48,48,3,1,[8; 4; 197; 1; 48; 48; 3; 1],0.004215530716464855,0.20508653111027075,tvm
8,4,1,1,96,48,3,1,[8; 4; 1; 1; 96; 48; 3; 1],0.004746012717077974,0.18216313839986015,tvm
12,4,1,1,48,48,3,1,[12; 4; 1; 1; 48; 48; 3; 1],0.00838734682474751,0.10307771807857695,tvm
24,2,1,1,48,48,3,1,[24; 2; 1; 1; 48; 48; 3; 1],0.006115268093708437,0.14137541611921212,tvm
24,24,1,1,96,96,6,1,[24; 24; 1; 1; 96; 96; 6; 1],0.0022815153424744494,0.3789361199258529,tvm
24,3,197,1,96,48,3,1,[24; 3; 197; 1; 96; 48; 3; 1],0.001952038048329996,0.4428953483607599,tvm
3,3,1,1,96,96,6,1,[3; 3; 1; 1; 96; 96; 6; 1],0.006473376386566088,0.1335545038324561,tvm
16,2,1,1,48,48,3,1,[16; 2; 1; 1; 48; 48; 3; 1],0.005825066029501613,0.14841867320472954,tvm
12,6,1,1,96,96,6,1,[12; 6; 1; 1; 96; 96; 6; 1],0.006893206242239103,0.12542038364250976,tvm
12,12,197,1,96,96,6,1,[12; 12; 197; 1; 96; 96; 6; 1],0.004042862150527071,0.2138456715166159,tvm
12,3,1,1,128,64,4,1,[12; 3; 1; 1; 128; 64; 4; 1],0.007420580121106468,0.11650687106922042,tvm
24,2,1,1,128,64,4,1,[24; 2; 1; 1; 128; 64; 4; 1],0.008714991752640344,0.09920245434158245,tvm
6,1,1,1,96,96,6,1,[6; 1; 1; 1; 96; 96; 6; 1],0.0013218061249062885,0.6540660957293302,tvm
24,2,197,1,64,64,4,1,[24; 2; 197; 1; 64; 64; 4; 1],0.003941644092265051,0.2193370459613876,tvm
24,2,197,1,96,48,3,1,[24; 2; 197; 1; 96; 48; 3; 1],0.0017111253255279735,0.5052514614391626,tvm
8,8,197,1,96,48,3,1,[8; 8; 197; 1; 96; 48; 3; 1],0.0033958578496822156,0.2545891523431924,tvm
24,8,197,1,128,128,8,1,[24; 8; 197; 1; 128; 128; 8; 1],0.003842600250209216,0.2249905051615764,tvm
8,2,197,1,96,48,3,1,[8; 2; 197; 1; 96; 48; 3; 1],0.0036065044987481087,0.239719254954118,tvm
6,6,197,1,96,96,6,1,[6; 6; 197; 1; 96; 96; 6; 1],0.003942082999856211,0.21931262519335742,tvm
6,3,197,1,96,48,3,1,[6; 3; 197; 1; 96; 48; 3; 1],0.005381496186600998,0.16065208288749677,tvm
6,3,1,1,96,48,3,1,[6; 3; 1; 1; 96; 48; 3; 1],0.0013435152341116918,0.6434974084980848,tvm
6,2,197,1,128,128,8,1,[6; 2; 197; 1; 128; 128; 8; 1],0.004149430875258986,0.20835353025964332,tvm
8,1,197,1,128,64,4,1,[8; 1; 197; 1; 128; 64; 4; 1],0.0022716966559528373,0.38057395082352946,tvm
24,3,1,1,96,96,6,1,[24; 3; 1; 1; 96; 96; 6; 1],0.004631422249076422,0.18667021163984257,tvm
12,6,197,1,96,48,3,1,[12; 6; 197; 1; 96; 48; 3; 1],0.004201032999844756,0.20579428237305436,tvm
6,2,1,1,96,96,6,1,[6; 2; 1; 1; 96; 96; 6; 1],0.0046976974699646235,0.1840366641224093,tvm
24,3,197,1,128,128,8,1,[24; 3; 197; 1; 128; 128; 8; 1],0.003888653685862664,0.2223259362415501,tvm
6,3,1,1,96,96,6,1,[6; 3; 1; 1; 96; 96; 6; 1],0.0031821470329305157,0.27168718556426596,tvm
24,12,197,1,96,48,3,1,[24; 12; 197; 1; 96; 48; 3; 1],0.001718851530313259,0.5029803657742378,tvm
12,12,197,1,128,128,8,1,[12; 12; 197; 1; 128; 128; 8; 1],0.0035623624426079914,0.24268967163140165,tvm
12,3,1,1,192,64,4,1,[12; 3; 1; 1; 192; 64; 4; 1],0.003518710560456384,0.24570039410017222,tvm
1,1,197,1,96,48,3,1,[1; 1; 197; 1; 96; 48; 3; 1],0.020496324490522966,0.04218066374916727,tvm
16,8,1,1,128,128,8,1,[16; 8; 1; 1; 128; 128; 8; 1],0.0037129868142073974,0.2328445035464325,tvm
3,3,1,1,128,128,8,1,[3; 3; 1; 1; 128; 128; 8; 1],0.0056816406940924935,0.15216530188674002,tvm
16,8,1,1,48,48,3,1,[16; 8; 1; 1; 48; 48; 3; 1],0.004877209285041317,0.17726296349024673,tvm
3,1,1,1,128,64,4,1,[3; 1; 1; 1; 128; 64; 4; 1],0.010125887682079338,0.08538002776375231,tvm
8,4,197,1,128,128,8,1,[8; 4; 197; 1; 128; 128; 8; 1],0.0019895806544809602,0.43453808694883694,tvm
12,3,197,1,192,64,4,1,[12; 3; 197; 1; 192; 64; 4; 1],0.0026516879988776054,0.3260370646148844,tvm
4,4,1,1,96,48,3,1,[4; 4; 1; 1; 96; 48; 3; 1],0.0033234273723792285,0.2601376454360862,tvm
3,1,197,1,96,48,3,1,[3; 1; 197; 1; 96; 48; 3; 1],0.004778712936968077,0.180916615589196,tvm
16,8,197,1,128,64,4,1,[16; 8; 197; 1; 128; 64; 4; 1],0.0053878515609540045,0.16046258172626593,tvm
24,1,197,1,64,64,4,1,[24; 1; 197; 1; 64; 64; 4; 1],0.007073345754179172,0.12222625635368761,tvm
12,6,197,1,128,128,8,1,[12; 6; 197; 1; 128; 128; 8; 1],0.0038769066231907345,0.22299958587009736,tvm
24,24,197,1,128,64,4,1,[24; 24; 197; 1; 128; 64; 4; 1],0.004059942839376163,0.21294599594939495,tvm
24,6,197,1,128,64,4,1,[24; 6; 197; 1; 128; 64; 4; 1],0.0022273374852375127,0.38815337916174836,tvm
16,16,1,1,96,48,3,1,[16; 16; 1; 1; 96; 48; 3; 1],0.0020047253601660486,0.43125536724739294,tvm
4,2,197,1,96,48,3,1,[4; 2; 197; 1; 96; 48; 3; 1],0.0035340574686415493,0.24463342181045342,tvm
6,1,1,1,96,48,3,1,[6; 1; 1; 1; 96; 48; 3; 1],0.005370812526962254,0.1609716531881187,tvm
32,8,197,1,128,128,8,1,[32; 8; 197; 1; 128; 128; 8; 1],0.0041866431856760755,0.2065016131268327,tvm
6,2,1,1,128,128,8,1,[6; 2; 1; 1; 128; 128; 8; 1],0.003565981372958049,0.24244337841602687,tvm
12,1,197,1,48,48,3,1,[12; 1; 197; 1; 48; 48; 3; 1],0.007236200632178225,0.11947548380348416,tvm
8,4,1,1,128,128,8,1,[8; 4; 1; 1; 128; 128; 8; 1],0.007104055999661796,0.12169788237448158,tvm
8,2,1,1,128,128,8,1,[8; 2; 1; 1; 128; 128; 8; 1],0.003567469560948666,0.24234224193315038,tvm
8,8,1,1,96,96,6,1,[8; 8; 1; 1; 96; 96; 6; 1],0.0030979067960288376,0.27907507499477513,tvm
24,4,197,1,128,64,4,1,[24; 4; 197; 1; 128; 64; 4; 1],0.004109417408471927,0.21038227210655897,tvm
2,2,197,1,128,64,4,1,[2; 2; 197; 1; 128; 64; 4; 1],0.01758529999642633,0.04916314032767506,tvm
16,8,197,1,48,48,3,1,[16; 8; 197; 1; 48; 48; 3; 1],0.0032717467547627166,0.264246788101811,tvm
6,1,1,1,128,128,8,1,[6; 1; 1; 1; 128; 128; 8; 1],0.006354497862048447,0.13605301161433925,tvm
24,2,197,1,64,64,4,1,[24; 2; 197; 1; 64; 64; 4; 1],0.004714719281764701,0.1833722263746261,tvm
16,4,197,1,64,64,4,1,[16; 4; 197; 1; 64; 64; 4; 1],0.006249282683711499,0.13834364921305,tvm
12,4,197,1,48,48,3,1,[12; 4; 197; 1; 48; 48; 3; 1],0.0034086302839568816,0.25363518463638335,tvm
12,2,1,1,128,128,8,1,[12; 2; 1; 1; 128; 128; 8; 1],0.003990088160207961,0.21667405248096364,tvm
1,1,197,1,128,64,4,1,[1; 1; 197; 1; 128; 64; 4; 1],0.017373514623614028,0.04976244531739592,tvm
12,4,197,1,128,128,8,1,[12; 4; 197; 1; 128; 128; 8; 1],0.0036806948482990265,0.23488732618736607,tvm
12,1,1,1,96,96,6,1,[12; 1; 1; 1; 96; 96; 6; 1],0.007137443375540897,0.12112860669287667,tvm
24,1,1,1,128,128,8,1,[24; 1; 1; 1; 128; 128; 8; 1],0.005432013058452867,0.15915804364336525,tvm
16,16,197,1,96,48,3,1,[16; 16; 197; 1; 96; 48; 3; 1],0.002924085860286141,0.2956645641533829,tvm
12,12,197,1,96,48,3,1,[12; 12; 197; 1; 96; 48; 3; 1],0.006441315432311967,0.1342192570001592,tvm
24,12,1,1,96,96,6,1,[24; 12; 1; 1; 96; 96; 6; 1],0.0066250081872567534,0.1304977363034111,tvm
8,2,1,1,96,96,6,1,[8; 2; 1; 1; 96; 96; 6; 1],0.005352279564249329,0.16152903843127756,tvm
24,4,1,1,128,128,8,1,[24; 4; 1; 1; 128; 128; 8; 1],0.0036374784394865856,0.2376779919967302,tvm
24,3,197,1,48,48,3,1,[24; 3; 197; 1; 48; 48; 3; 1],0.007105648619472049,0.1216706057008498,tvm
12,6,197,1,96,48,3,1,[12; 6; 197; 1; 96; 48; 3; 1],0.005038822622736916,0.17157749660157282,tvm
24,8,197,1,96,96,6,1,[24; 8; 197; 1; 96; 96; 6; 1],0.00852098542964086,0.10146110195437925,tvm
4,1,1,1,96,96,6,1,[4; 1; 1; 1; 96; 96; 6; 1],0.005021257500629872,0.17217770076920402,tvm
12,3,1,1,128,128,8,1,[12; 3; 1; 1; 128; 128; 8; 1],0.0058720938104670495,0.1472300340106126,tvm
6,3,1,1,128,128,8,1,[6; 3; 1; 1; 128; 128; 8; 1],0.0018029388411378022,0.4795218516025593,tvm
8,4,1,1,96,96,6,1,[8; 4; 1; 1; 96; 96; 6; 1],0.0030417406887863763,0.28422822978165097,tvm
24,24,197,1,128,128,8,1,[24; 24; 197; 1; 128; 128; 8; 1],0.001834824408433633,0.4711887238117929,tvm
16,1,197,1,128,128,8,1,[16; 1; 197; 1; 128; 128; 8; 1],0.0036720548450830393,0.23543999420003778,tvm
16,4,197,1,96,48,3,1,[16; 4; 197; 1; 96; 48; 3; 1],0.0035936851272708736,0.2405743800056098,tvm
12,1,197,1,128,64,4,1,[12; 1; 197; 1; 128; 64; 4; 1],0.00177326343691675,0.4875466066856933,tvm
24,4,197,1,96,96,6,1,[24; 4; 197; 1; 96; 96; 6; 1],0.0030892760296410415,0.2798547501529113,tvm
12,3,197,1,96,48,3,1,[12; 3; 197; 1; 96; 48; 3; 1],0.004136814037337899,0.20898898611959874,tvm
3,1,197,1,96,96,6,1,[3; 1; 197; 1; 96; 96; 6; 1],0.0022341136864270084,0.38697608661591154,tvm
12,2,197,1,128,64,4,1,[12; 2; 197; 1; 128; 64; 4; 1],0.0035357670349185355,0.2445151399655183,tvm
24,3,197,1,128,128,8,1,[24; 3; 197; 1; 128; 128; 8; 1],0.003403872156923171,0.25398973039282835,tvm
24,2,197,1,128,128,8,1,[24; 2; 197; 1; 128; 128; 8; 1],0.00429249090666417,0.20140952892558117,tvm
16,4,197,1,96,96,6,1,[16; 4; 197; 1; 96; 96; 6; 1],0.004382220562547445,0.19728549923237942,tvm
16,2,197,1,128,64,4,1,[16; 2; 197; 1; 128; 64; 4; 1],0.0018311369058210403,0.4721375931424021,tvm
6,1,1,1,96,96,6,1,[6; 1; 1; 1; 96; 96; 6; 1],0.003922710624465253,0.22039570444899367,tvm
6,3,1,1,96,48,3,1,[6; 3; 1; 1; 96; 48; 3; 1],0.005279624499962665,0.16375190535514125,tvm
