i1,i2,i3,j1,j2,j3,k1,ku,pack_c,X,time,peak,backend
197,197,1,768,64,64,192,16,1,[197; 197; 1; 768; 64; 64; 192; 16; 1],0.021024346991907805,0.04112130435068128,tvm
197,1,1,256,2,1,1536,32,1,[197; 1; 1; 256; 2; 1; 1536; 32; 1],0.6020996831357479,0.001435889431009138,tvm
197,1,1,768,192,6,12,6,1,[197; 1; 1; 768; 192; 6; 12; 6; 1],0.13151760399341583,0.0065736338343865604,tvm
197,1,1,192,48,16,1536,48,1,[197; 1; 1; 192; 48; 16; 1536; 48; 1],0.02888697129674256,0.02992866792947803,tvm
1,1,1,128,32,4,64,1,1,[1; 1; 1; 128; 32; 4; 64; 1; 1],0.023430333007127047,0.03689868902698023,tvm
197,1,1,384,12,4,16,16,1,[197; 1; 1; 384; 12; 4; 16; 16; 1],0.09496411867439747,0.009103949823331068,tvm
1,1,1,48,16,1,1024,16,0,[1; 1; 1; 48; 16; 1; 1024; 16; 0],0.11241443315520883,0.007690725711661089,tvm
197,197,1,64,32,16,768,8,0,[197; 197; 1; 64; 32; 16; 768; 8; 0],0.009201723558362573,0.09395506895475741,tvm
197,1,1,96,24,6,1536,1,1,[197; 1; 1; 96; 24; 6; 1536; 1; 1],0.041288856067694724,0.020939029408107348,tvm
197,1,1,192,48,2,4,2,1,[197; 1; 1; 192; 48; 2; 4; 2; 1],0.08276437246240675,0.010445902575063525,tvm
1,1,1,768,192,12,96,32,1,[1; 1; 1; 768; 192; 12; 96; 32; 1],0.013603254337795079,0.06355453996228848,tvm
1,1,1,3,3,3,32,1,1,[1; 1; 1; 3; 3; 3; 32; 1; 1],0.11577022029086947,0.0074677975843564694,tvm
197,197,1,256,16,2,32,1,1,[197; 197; 1; 256; 16; 2; 32; 1; 1],0.07149712112732232,0.01209207528634587,tvm
1,1,1,16,2,2,384,64,1,[1; 1; 1; 16; 2; 2; 384; 64; 1],0.07857188209891319,0.011003281941753687,tvm
197,197,1,192,32,8,32,8,1,[197; 197; 1; 192; 32; 8; 32; 8; 1],0.013788421114441007,0.06270105650625254,tvm
197,1,1,768,384,16,1536,16,1,[197; 1; 1; 768; 384; 16; 1536; 16; 1],0.11463066190481186,0.007542035935782032,tvm
1,1,1,64,16,8,96,4,1,[1; 1; 1; 64; 16; 8; 96; 4; 1],0.014851113723125309,0.058214393044633786,tvm
1,1,1,48,16,1,1024,16,0,[1; 1; 1; 48; 16; 1; 1024; 16; 0],0.11205904511734843,0.007715116352483769,tvm
1,1,1,384,16,2,3072,24,0,[1; 1; 1; 384; 16; 2; 3072; 24; 0],0.13419860508292913,0.006442306690850597,tvm
1,1,1,3,3,1,3072,8,1,[1; 1; 1; 3; 3; 1; 3072; 8; 1],0.15578567003831267,0.0055496026766515254,tvm
197,1,1,256,2,2,96,16,0,[197; 1; 1; 256; 2; 2; 96; 16; 0],0.3083852711133659,0.0028034690771945254,tvm
1,1,1,24,24,4,128,2,1,[1; 1; 1; 24; 24; 4; 128; 2; 1],0.02770644531119615,0.03120387915945349,tvm
197,197,1,384,384,2,1536,6,1,[197; 197; 1; 384; 384; 2; 1536; 6; 1],0.44017191091552377,0.0019641157238552017,tvm
197,197,1,48,48,24,12,1,0,[197; 197; 1; 48; 48; 24; 12; 1; 0],0.0034612093440955505,0.24978222507789016,tvm
197,1,1,48,48,6,256,8,1,[197; 1; 1; 48; 48; 6; 256; 8; 1],0.02240802632877603,0.03858209369909262,tvm
197,1,1,768,256,128,96,12,1,[197; 1; 1; 768; 256; 128; 96; 12; 1],0.08857767353765666,0.009760344078816085,tvm
197,197,1,384,12,3,64,16,0,[197; 197; 1; 384; 12; 3; 64; 16; 0],0.12497633416205645,0.006917698276439392,tvm
197,1,1,24,6,6,768,16,0,[197; 1; 1; 24; 6; 6; 768; 16; 0],0.04234675096813589,0.0204159363271838,tvm
197,1,1,384,24,24,1536,4,0,[197; 1; 1; 384; 24; 24; 1536; 4; 0],0.11556498799473047,0.0074810596741289245,tvm
1,1,1,48,48,24,8,8,1,[1; 1; 1; 48; 48; 24; 8; 8; 1],0.00965592183638364,0.08953558097073042,tvm
1,1,1,96,32,4,24,12,0,[1; 1; 1; 96; 32; 4; 24; 12; 0],0.03524245077278465,0.02453145432485653,tvm
197,1,1,192,4,2,16,16,1,[197; 1; 1; 192; 4; 2; 16; 16; 1],0.11513799615204334,0.007508803351822345,tvm
197,1,1,768,128,32,96,4,1,[197; 1; 1; 768; 128; 32; 96; 4; 1],0.08677730709314346,0.009962841673579451,tvm
1,1,1,128,64,1,3072,32,1,[1; 1; 1; 128; 64; 1; 3072; 32; 1],0.2784242797642946,0.0031051479136822097,tvm
1,1,1,256,8,1,96,12,1,[1; 1; 1; 256; 8; 1; 96; 12; 1],0.019643492763862014,0.04401195764019497,tvm
197,1,1,384,24,3,96,6,1,[197; 1; 1; 384; 24; 3; 96; 6; 1],0.17167953494936228,0.005035827780425746,tvm
197,1,1,64,32,32,16,1,0,[197; 1; 1; 64; 32; 32; 16; 1; 0],0.02879248547833413,0.030026882259926117,tvm
197,197,1,12,4,2,96,2,0,[197; 197; 1; 12; 4; 2; 96; 2; 0],0.12760163377970457,0.00677537227243622,tvm
1,1,1,256,128,4,128,2,1,[1; 1; 1; 256; 128; 4; 128; 2; 1],0.05236181244254112,0.016511051300549955,tvm
1,1,1,768,192,1,1536,64,0,[1; 1; 1; 768; 192; 1; 1536; 64; 0],0.42305502109229565,0.00204358423449596,tvm
1,1,1,768,12,6,1024,32,0,[1; 1; 1; 768; 12; 6; 1024; 32; 0],0.031053129001520574,0.027840948697512483,tvm
1,1,1,48,8,2,768,12,0,[1; 1; 1; 48; 8; 2; 768; 12; 0],0.06092920899391174,0.014189394310288192,tvm
1,1,1,256,64,64,192,64,1,[1; 1; 1; 256; 64; 64; 192; 64; 1],0.018289248750079423,0.04727086296668238,tvm
197,1,1,256,16,16,48,12,1,[197; 1; 1; 256; 16; 16; 48; 12; 1],0.0758662463631481,0.011395694566068903,tvm
197,1,1,384,96,6,384,4,0,[197; 1; 1; 384; 96; 6; 384; 4; 0],0.08788839844055474,0.009836890724699324,tvm
1,1,1,96,12,6,512,32,0,[1; 1; 1; 96; 12; 6; 512; 32; 0],0.05841677146963775,0.014799663686958847,tvm
197,197,1,48,16,1,3072,16,0,[197; 197; 1; 48; 16; 1; 3072; 16; 0],0.23631510185077786,0.0036584567158746127,tvm
197,1,1,384,64,16,768,64,1,[197; 1; 1; 384; 64; 16; 768; 64; 1],0.1141912410967052,0.007571058542891312,tvm
197,1,1,256,2,2,96,16,0,[197; 1; 1; 256; 2; 2; 96; 16; 0],0.30813807994127274,0.0028057180456026194,tvm
197,197,1,96,12,1,768,12,1,[197; 197; 1; 96; 12; 1; 768; 12; 1],0.10776855004951358,0.008022271534982701,tvm
197,1,1,256,8,1,512,8,1,[197; 1; 1; 256; 8; 1; 512; 8; 1],0.3257023640908301,0.002654412944904111,tvm
197,197,1,16,8,1,3,1,0,[197; 197; 1; 16; 8; 1; 3; 1; 0],0.02362777036614716,0.03659035778793834,tvm
1,1,1,384,32,8,32,8,1,[1; 1; 1; 384; 32; 8; 32; 8; 1],0.009925455437041819,0.08710417138160476,tvm
1,1,1,8,2,1,1536,6,1,[1; 1; 1; 8; 2; 1; 1536; 6; 1],0.20041701896116138,0.004313748283004406,tvm
197,197,1,128,2,2,1024,64,1,[197; 197; 1; 128; 2; 2; 1024; 64; 1],0.07539459504187107,0.01146698342166884,tvm
197,1,1,768,96,12,512,2,0,[197; 1; 1; 768; 96; 12; 512; 2; 0],0.13032345101237297,0.0066338680008288815,tvm
197,197,1,192,3,1,256,64,0,[197; 197; 1; 192; 3; 1; 256; 64; 0],0.20196206495165825,0.004280747335572699,tvm
197,1,1,192,48,1,1,1,0,[197; 1; 1; 192; 48; 1; 1; 1; 0],0.01978458563098684,0.04369808837818194,tvm
1,1,1,768,192,12,96,32,1,[1; 1; 1; 768; 192; 12; 96; 32; 1],0.025667249457910657,0.03368294576504056,tvm
197,197,1,96,12,3,2,2,1,[197; 197; 1; 96; 12; 3; 2; 2; 1],0.054853104054927826,0.015761160399652956,tvm
197,197,1,128,64,16,768,1,0,[197; 197; 1; 128; 64; 16; 768; 1; 0],0.01825721823843196,0.04735379509287303,tvm
197,197,1,192,12,12,64,1,1,[197; 197; 1; 192; 12; 12; 64; 1; 1],0.03774320043157786,0.02290607477751798,tvm
1,1,1,384,192,8,384,8,1,[1; 1; 1; 384; 192; 8; 384; 8; 1],0.03253443643916398,0.02657333785526568,tvm
197,1,1,384,32,32,48,12,0,[197; 1; 1; 384; 32; 32; 48; 12; 0],0.042578368447721004,0.020304877874550077,tvm
197,1,1,64,8,8,16,4,1,[197; 1; 1; 64; 8; 8; 16; 4; 1],0.03873100725468248,0.022321871614223242,tvm
197,1,1,192,192,24,16,1,1,[197; 1; 1; 192; 192; 24; 16; 1; 1],0.02314463851507753,0.03735416177985942,tvm
1,1,1,384,384,32,8,4,1,[1; 1; 1; 384; 384; 32; 8; 4; 1],0.01442519179545343,0.05993324620481387,tvm
197,197,1,96,32,32,96,24,1,[197; 197; 1; 96; 32; 32; 96; 24; 1],0.006701587437419221,0.1290065345713834,tvm
1,1,1,768,384,128,6,6,1,[1; 1; 1; 768; 384; 128; 6; 6; 1],0.022904686396941543,0.03774548825711119,tvm
1,1,1,384,384,384,12,3,0,[1; 1; 1; 384; 384; 384; 12; 3; 0],0.016077933367341757,0.053772369350944225,tvm
197,197,1,384,24,24,6,3,1,[197; 197; 1; 384; 24; 24; 6; 3; 1],0.0263242149958387,0.03284233059049389,tvm
197,1,1,96,32,16,32,8,1,[197; 1; 1; 96; 32; 16; 32; 8; 1],0.04218391724862158,0.020494743679993866,tvm
197,197,1,48,48,8,128,8,0,[197; 197; 1; 48; 48; 8; 128; 8; 0],0.011886414315085858,0.07273417773527496,tvm
197,1,1,192,16,8,8,2,0,[197; 1; 1; 192; 16; 8; 8; 2; 0],0.029017566819675267,0.0297939719343514,tvm
1,1,1,384,64,16,3,1,0,[1; 1; 1; 384; 64; 16; 3; 1; 0],0.01730070263147354,0.049971876278352964,tvm
1,1,1,256,32,16,16,1,1,[1; 1; 1; 256; 32; 16; 16; 1; 1],0.01864251121878624,0.0463751133783606,tvm
197,197,1,32,32,16,192,4,0,[197; 197; 1; 32; 32; 16; 192; 4; 0],0.007709473924478516,0.11214105915625769,tvm
1,1,1,256,16,8,12,2,1,[1; 1; 1; 256; 16; 8; 12; 2; 1],0.03558718098793179,0.024293820061829407,tvm
1,1,1,96,32,32,192,16,1,[1; 1; 1; 96; 32; 32; 192; 16; 1],0.00948097711079754,0.09118770790449103,tvm
1,1,1,96,96,24,32,16,0,[1; 1; 1; 96; 96; 24; 32; 16; 0],0.014518394484184682,0.05954849707179053,tvm
197,197,1,48,48,8,48,6,0,[197; 197; 1; 48; 48; 8; 48; 6; 0],0.008953760756412521,0.09655703284336667,tvm
1,1,1,32,32,32,1536,2,0,[1; 1; 1; 32; 32; 32; 1536; 2; 0],0.017366108600981534,0.04978366721602254,tvm
1,1,1,24,24,24,48,2,1,[1; 1; 1; 24; 24; 24; 48; 2; 1],0.023787556507159024,0.03634457247293894,tvm
197,197,1,128,32,32,48,6,0,[197; 197; 1; 128; 32; 32; 48; 6; 0],0.004748691353597678,0.18206038402002622,tvm
197,1,1,256,128,32,12,1,0,[197; 1; 1; 256; 128; 32; 12; 1; 0],0.05587768508121371,0.015472161564531883,tvm
1,1,1,256,32,32,16,4,1,[1; 1; 1; 256; 32; 32; 16; 4; 1],0.025603391812182963,0.03376695469766587,tvm
197,197,1,96,48,8,24,24,0,[197; 197; 1; 96; 48; 8; 24; 24; 0],0.021093146526254714,0.0409871789565613,tvm
1,1,1,48,48,48,192,64,0,[1; 1; 1; 48; 48; 48; 192; 64; 0],0.027023450355045497,0.031992530934050516,tvm
197,1,1,192,192,96,3,3,1,[197; 1; 1; 192; 192; 96; 3; 3; 1],0.025290163001045585,0.034185171973499254,tvm
197,1,1,48,48,12,24,2,0,[197; 1; 1; 48; 48; 12; 24; 2; 0],0.01455958851147443,0.05938001412246092,tvm
197,197,1,96,32,32,96,2,1,[197; 197; 1; 96; 32; 32; 96; 2; 1],0.0032637772237649187,0.26489202912914334,tvm
1,1,1,768,24,24,2,2,1,[1; 1; 1; 768; 24; 24; 2; 2; 1],0.022947262623347342,0.037675455483258805,tvm
197,197,1,384,128,128,12,1,1,[197; 197; 1; 384; 128; 128; 12; 1; 1],0.005621177318971604,0.15380204579398338,tvm
197,197,1,768,768,64,8,1,0,[197; 197; 1; 768; 768; 64; 8; 1; 0],0.01331362035125494,0.06493715072377583,tvm
1,1,1,384,384,32,4,1,1,[1; 1; 1; 384; 384; 32; 4; 1; 1],0.010452439630171284,0.08271261083709354,tvm
197,197,1,96,48,24,384,1,1,[197; 197; 1; 96; 48; 24; 384; 1; 1],0.0048848254373297095,0.17698658478596052,tvm
1,1,1,768,256,256,6,1,0,[1; 1; 1; 768; 256; 256; 6; 1; 0],0.012986029265448451,0.06657528284868805,tvm
197,1,1,64,32,32,32,32,0,[197; 1; 1; 64; 32; 32; 32; 32; 0],0.028617070522159338,0.030210938983398633,tvm
197,1,1,192,24,12,6,1,1,[197; 1; 1; 192; 24; 12; 6; 1; 1],0.03016190347261727,0.028663594531209174,tvm
197,1,1,96,96,16,8,8,1,[197; 1; 1; 96; 96; 16; 8; 8; 1],0.019327942514792085,0.0447305020059385,tvm
1,1,1,48,48,48,128,8,1,[1; 1; 1; 48; 48; 48; 128; 8; 1],0.017784896481316537,0.04861139182546272,tvm
1,1,1,96,48,8,24,6,0,[1; 1; 1; 96; 48; 8; 24; 6; 0],0.02827285707462579,0.030578747989515462,tvm
1,1,1,192,16,16,4,1,1,[1; 1; 1; 192; 16; 16; 4; 1; 1],0.02711428317707032,0.03188535598682883,tvm
1,1,1,192,48,8,12,4,1,[1; 1; 1; 192; 48; 8; 12; 4; 1],0.01907843886874616,0.04531547771683007,tvm
197,1,1,96,96,12,3,1,0,[197; 1; 1; 96; 96; 12; 3; 1; 0],0.013071190391201526,0.06614153306270529,tvm
197,197,1,64,32,32,32,32,1,[197; 197; 1; 64; 32; 32; 32; 32; 1],0.0065191595640499145,0.1326165685828812,tvm
197,197,1,96,16,16,12,3,1,[197; 197; 1; 96; 16; 16; 12; 3; 1],0.004586865034070797,0.18848354268259188,tvm
197,1,1,96,48,12,3,3,1,[197; 1; 1; 96; 48; 12; 3; 3; 1],0.013661554141435772,0.06328332505057957,tvm
1,1,1,96,96,16,12,6,0,[1; 1; 1; 96; 96; 16; 12; 6; 0],0.033889023936353624,0.025511167658657408,tvm
197,197,1,12,12,12,12,2,1,[197; 197; 1; 12; 12; 12; 12; 2; 1],0.02000202744966373,0.04322304694382899,tvm
197,197,1,8,8,8,12,4,0,[197; 197; 1; 8; 8; 8; 12; 4; 0],0.012121842621127144,0.07132154726392428,tvm
197,1,1,96,96,24,8,4,0,[197; 1; 1; 96; 96; 24; 8; 4; 0],0.029608389013446867,0.029199446516186014,tvm
197,197,1,24,24,12,12,3,0,[197; 197; 1; 24; 24; 12; 12; 3; 0],0.006788854254409671,0.12734822976454496,tvm
1,1,1,64,16,8,8,2,0,[1; 1; 1; 64; 16; 8; 8; 2; 0],0.010153919603908435,0.08514431915491928,tvm
1,1,1,192,192,64,8,1,1,[1; 1; 1; 192; 192; 64; 8; 1; 1],0.032706898520700634,0.026433217777631437,tvm
1,1,1,192,48,12,4,1,1,[1; 1; 1; 192; 48; 12; 4; 1; 1],0.03656465979292989,0.02364437619068836,tvm
1,1,1,192,96,32,6,1,1,[1; 1; 1; 192; 96; 32; 6; 1; 1],0.017481692717410624,0.04945451137964103,tvm
197,197,1,128,128,64,6,6,0,[197; 197; 1; 128; 128; 64; 6; 6; 0],0.009468159638345242,0.09131115279544118,tvm
197,197,1,192,48,16,2,1,0,[197; 197; 1; 192; 48; 16; 2; 1; 0],0.008543216856196523,0.10119707669617463,tvm
1,1,1,256,32,32,3,1,1,[1; 1; 1; 256; 32; 32; 3; 1; 1],0.018426964874379337,0.04691757852269154,tvm
197,1,1,64,32,8,6,6,1,[197; 1; 1; 64; 32; 8; 6; 6; 1],0.02854729723185301,0.030284778429528876,tvm
197,1,1,48,24,24,2,2,0,[197; 1; 1; 48; 24; 24; 2; 2; 0],0.028680136194452643,0.03014450717970418,tvm
197,197,1,192,32,32,4,2,0,[197; 197; 1; 192; 32; 32; 4; 2; 0],0.005442526002298109,0.1588506092692098,tvm
197,1,1,96,32,32,12,4,1,[197; 1; 1; 96; 32; 32; 12; 4; 1],0.021639914775732905,0.03995157006801524,tvm
197,197,1,48,48,48,16,8,0,[197; 197; 1; 48; 48; 48; 16; 8; 0],0.006277393375057727,0.13772413480788448,tvm
1,1,1,48,48,48,24,1,1,[1; 1; 1; 48; 48; 48; 24; 1; 1],0.02558788179885596,0.03378742243006709,tvm
197,197,1,48,24,24,2,2,1,[197; 197; 1; 48; 24; 24; 2; 2; 1],0.01979675085749477,0.04367123563113719,tvm
197,197,1,24,24,24,2,1,0,[197; 197; 1; 24; 24; 24; 2; 1; 0],0.017318170750513673,0.04992147172373434,tvm
197,197,1,768,48,16,768,4,1,[197; 197; 1; 768; 48; 16; 768; 4; 1],0.05505313444882631,0.015703893703494714,tvm
197,197,1,128,16,16,1024,1,1,[197; 197; 1; 128; 16; 16; 1024; 1; 1],0.009394121618242934,0.09203080464166649,tvm
197,197,1,128,64,16,24,8,1,[197; 197; 1; 128; 64; 16; 24; 8; 1],0.003821428181254305,0.22623703244497484,tvm
197,197,1,128,32,16,4,4,1,[197; 197; 1; 128; 32; 16; 4; 4; 1],0.0030377282164408825,0.284603660969219,tvm
197,197,1,768,96,16,256,2,1,[197; 197; 1; 768; 96; 16; 256; 2; 1],0.051398040959611535,0.016820652213338866,tvm
197,197,1,192,96,16,768,1,1,[197; 197; 1; 192; 96; 16; 768; 1; 1],0.013724029995501041,0.06299524058982561,tvm
197,197,1,384,48,24,128,16,0,[197; 197; 1; 384; 48; 24; 128; 16; 0],0.018610158876981586,0.04645573297592363,tvm
197,197,1,192,48,24,192,64,0,[197; 197; 1; 192; 48; 24; 192; 64; 0],0.010303030197974294,0.0839120680825096,tvm
197,197,1,384,48,16,96,2,1,[197; 197; 1; 384; 48; 16; 96; 2; 1],0.02131745987571776,0.040555890639360805,tvm
197,197,1,256,256,16,48,2,1,[197; 197; 1; 256; 256; 16; 48; 2; 1],0.02621116698719561,0.03298397861685865,tvm
197,197,1,256,32,16,1024,1,1,[197; 197; 1; 256; 32; 16; 1024; 1; 1],0.01859221770428121,0.046500561965208305,tvm
197,197,1,384,64,16,32,2,1,[197; 197; 1; 384; 64; 16; 32; 2; 1],0.013771142344921827,0.06277972805555798,tvm
197,197,1,64,64,16,96,32,0,[197; 197; 1; 64; 64; 16; 96; 32; 0],0.007158825814258307,0.12076681202476544,tvm
197,197,1,768,384,16,12,2,1,[197; 197; 1; 768; 384; 16; 12; 2; 1],0.016778032237198204,0.05152860354576026,tvm
197,197,1,96,48,16,384,24,1,[197; 197; 1; 96; 48; 16; 384; 24; 1],0.006553073559189215,0.13193024061453362,tvm
197,197,1,96,32,16,1536,16,0,[197; 197; 1; 96; 32; 16; 1536; 16; 0],0.028020779718644917,0.030853837049127655,tvm
197,197,1,384,384,24,768,4,0,[197; 197; 1; 384; 384; 24; 768; 4; 0],0.03385901846922934,0.0255337753577902,tvm
197,197,1,64,32,16,768,48,1,[197; 197; 1; 64; 32; 16; 768; 48; 1],0.009118591289734468,0.09481163745126545,tvm
197,197,1,64,32,16,64,32,1,[197; 197; 1; 64; 32; 16; 64; 32; 1],0.012317490705754608,0.07018869281749593,tvm
197,197,1,384,192,48,3072,8,0,[197; 197; 1; 384; 192; 48; 3072; 8; 0],0.043325090780854225,0.0199549165586659,tvm
197,197,1,256,256,32,1024,32,0,[197; 197; 1; 256; 256; 32; 1024; 32; 0],0.019294009485747665,0.04480917105732775,tvm
197,197,1,768,768,192,768,48,0,[197; 197; 1; 768; 768; 192; 768; 48; 0],0.08911263546906412,0.00970175067629667,tvm
197,197,1,768,384,48,3072,48,1,[197; 197; 1; 768; 384; 48; 3072; 48; 1],0.08587323594838381,0.010067730205814408,tvm
197,197,1,384,384,48,256,16,1,[197; 197; 1; 384; 384; 48; 256; 16; 1],0.01053024857537821,0.08210143998405278,tvm
197,197,1,96,32,16,3,3,0,[197; 197; 1; 96; 32; 16; 3; 3; 0],0.003398007567739114,0.25442808887085683,tvm
197,197,1,768,128,32,384,48,1,[197; 197; 1; 768; 128; 32; 384; 48; 1],0.027686038753017783,0.031226878613479347,tvm
197,197,1,384,192,96,1536,16,1,[197; 197; 1; 384; 192; 96; 1536; 16; 1],0.041095348191447556,0.021037626142038492,tvm
197,197,1,24,24,24,768,6,0,[197; 197; 1; 24; 24; 24; 768; 6; 0],0.004941616687574424,0.17495257647208007,tvm
197,197,1,768,768,96,256,16,1,[197; 197; 1; 768; 768; 96; 256; 16; 1],0.021298709383700043,0.040591594347505984,tvm
197,197,1,768,128,64,256,8,1,[197; 197; 1; 768; 128; 64; 256; 8; 1],0.021163870114833117,0.04085021155098828,tvm
197,197,1,192,96,96,384,32,1,[197; 197; 1; 192; 96; 96; 384; 32; 1],0.0051358594064367935,0.16833571618900414,tvm
197,197,1,64,32,16,512,4,0,[197; 197; 1; 64; 32; 16; 512; 4; 0],0.009058695257408544,0.09543853136261657,tvm
197,197,1,384,384,384,96,48,1,[197; 197; 1; 384; 384; 384; 96; 48; 1],0.009784945228602737,0.08835497299477746,tvm
197,197,1,192,48,48,768,8,1,[197; 197; 1; 192; 48; 48; 768; 8; 1],0.0053444810037035495,0.16176473839638827,tvm
197,197,1,768,32,32,384,8,1,[197; 197; 1; 768; 32; 32; 384; 8; 1],0.027852897066622972,0.03103980779308548,tvm
197,197,1,192,32,32,768,24,1,[197; 197; 1; 192; 32; 32; 768; 24; 1],0.0071301235584542155,0.12125295786823677,tvm
197,197,1,384,128,64,6,2,0,[197; 197; 1; 384; 128; 64; 6; 2; 0],0.008603025315096602,0.10049355194985422,tvm
197,197,1,768,256,64,4,2,0,[197; 197; 1; 768; 256; 64; 4; 2; 0],0.018343950738199055,0.047129900410616224,tvm
197,197,1,768,48,48,768,6,1,[197; 197; 1; 768; 48; 48; 768; 6; 1],0.022043290955480188,0.039220485415479026,tvm
197,197,1,384,48,24,12,3,0,[197; 197; 1; 384; 48; 24; 12; 3; 0],0.014641250774729997,0.05904881930720941,tvm
197,197,1,48,24,24,3072,3,0,[197; 197; 1; 48; 24; 24; 3072; 3; 0],0.014794978720601648,0.058435269678672026,tvm
197,197,1,256,256,32,3,1,0,[197; 197; 1; 256; 256; 32; 3; 1; 0],0.032023649429902434,0.02699719072684107,tvm
197,197,1,256,64,64,1024,4,0,[197; 197; 1; 256; 64; 64; 1024; 4; 0],0.0077468182425946,0.11160047187824725,tvm
197,197,1,256,64,32,3072,4,1,[197; 197; 1; 256; 64; 32; 3072; 4; 1],0.05621746554970741,0.015378647240227125,tvm
197,197,1,768,48,48,48,6,1,[197; 197; 1; 768; 48; 48; 48; 6; 1],0.02436043764464557,0.035489862047638515,tvm
197,197,1,192,96,24,16,1,0,[197; 197; 1; 192; 96; 24; 16; 1; 0],0.007247718574944884,0.11928561553387108,tvm
197,197,1,384,64,32,384,3,0,[197; 197; 1; 384; 64; 32; 384; 3; 0],0.01409456820692867,0.061339131411175314,tvm
197,197,1,48,48,24,384,24,1,[197; 197; 1; 48; 48; 24; 384; 24; 1],0.009499158943071961,0.09101317038800726,tvm
197,197,1,64,32,16,128,2,1,[197; 197; 1; 64; 32; 16; 128; 2; 1],0.007606589060742408,0.11365785170261201,tvm
197,197,1,384,64,32,192,3,1,[197; 197; 1; 384; 64; 32; 192; 3; 1],0.02743692009244114,0.03151040891308912,tvm
197,197,1,256,128,128,3072,2,1,[197; 197; 1; 256; 128; 128; 3072; 2; 1],0.02817407774273306,0.030685958181952,tvm
197,197,1,768,768,256,96,2,0,[197; 197; 1; 768; 768; 256; 96; 2; 0],0.02042207249905914,0.042334027139919406,tvm
197,197,1,768,192,96,64,2,1,[197; 197; 1; 768; 192; 96; 64; 2; 1],0.0210569248883985,0.04105768415904367,tvm
197,197,1,192,96,48,64,1,0,[197; 197; 1; 192; 96; 48; 64; 1; 0],0.006087077781558037,0.14203015017286064,tvm
197,197,1,256,128,128,96,1,1,[197; 197; 1; 256; 128; 128; 96; 1; 1],0.006809284124756232,0.12696614733483774,tvm
197,197,1,64,64,64,768,24,0,[197; 197; 1; 64; 64; 64; 768; 24; 0],0.003581152224796824,0.2414163144035636,tvm
197,197,1,128,64,32,64,4,0,[197; 197; 1; 128; 64; 32; 64; 4; 0],0.004592893747030757,0.18823613587566448,tvm
197,197,1,96,48,48,16,8,1,[197; 197; 1; 96; 48; 48; 16; 8; 1],0.0019487167446641251,0.4436501989300566,tvm
197,197,1,96,96,24,24,3,1,[197; 197; 1; 96; 96; 24; 24; 3; 1],0.008507139020366594,0.10162624230764196,tvm
197,197,1,64,32,32,192,6,0,[197; 197; 1; 64; 32; 32; 192; 6; 0],0.013589485897682607,0.06361893142521319,tvm
197,197,1,96,32,32,96,16,1,[197; 197; 1; 96; 32; 32; 96; 16; 1],0.006666884815786034,0.129678042341675,tvm
197,197,1,128,64,32,96,1,0,[197; 197; 1; 128; 64; 32; 96; 1; 0],0.01319206424523145,0.06553550341760053,tvm
197,197,1,64,64,64,16,4,0,[197; 197; 1; 64; 64; 64; 16; 4; 0],0.007654596702195704,0.1129450191909624,tvm
197,197,1,96,32,32,1536,4,1,[197; 197; 1; 96; 32; 32; 1536; 4; 1],0.03621413046494126,0.023873238438391804,tvm
197,197,1,48,24,4,4,2,0,[197; 197; 1; 48; 24; 4; 4; 2; 0],0.006489443621831015,0.13322383578773378,tvm
197,197,1,384,192,64,128,8,0,[197; 197; 1; 384; 192; 64; 128; 8; 0],0.013047276763245463,0.06626276020019967,tvm
197,197,1,768,192,64,16,16,0,[197; 197; 1; 768; 192; 64; 16; 16; 0],0.013219931744970381,0.0653973551533271,tvm
197,197,1,192,48,8,3072,48,1,[197; 197; 1; 192; 48; 8; 3072; 48; 1],0.057891315314918756,0.014933994274021525,tvm
197,197,1,48,24,8,768,16,0,[197; 197; 1; 48; 24; 8; 768; 16; 0],0.013691645755898207,0.06314424042530706,tvm
197,197,1,32,16,8,128,64,1,[197; 197; 1; 32; 16; 8; 128; 64; 1],0.02298251976026222,0.03761765813526738,tvm
197,197,1,64,16,8,96,2,0,[197; 197; 1; 64; 16; 8; 96; 2; 0],0.028587496024556458,0.030242192974366495,tvm
197,197,1,384,64,64,512,1,1,[197; 197; 1; 384; 64; 64; 512; 1; 1],0.010515154368476942,0.08221929428067884,tvm
197,197,1,768,256,256,8,2,0,[197; 197; 1; 768; 256; 256; 8; 2; 0],0.016788687149528414,0.05149590100336441,tvm
197,197,1,384,96,48,4,2,1,[197; 197; 1; 384; 96; 48; 4; 2; 1],0.007212338445242494,0.11987077117808542,tvm
197,197,1,48,24,8,128,32,1,[197; 197; 1; 48; 24; 8; 128; 32; 1],0.011371950793545693,0.07602464934329982,tvm
197,197,1,192,96,8,768,8,1,[197; 197; 1; 192; 96; 8; 768; 8; 1],0.0604339730925858,0.014305671581513751,tvm
197,197,1,16,16,8,48,1,1,[197; 197; 1; 16; 16; 8; 48; 1; 1],0.02041179739171639,0.04235533769208519,tvm
197,197,1,24,24,8,96,1,1,[197; 197; 1; 24; 24; 8; 96; 1; 1],0.020991802215576172,0.041185057030837774,tvm
197,197,1,192,96,8,512,32,1,[197; 197; 1; 192; 96; 8; 512; 32; 1],0.026533232536166906,0.03258361265443714,tvm
197,197,1,96,24,12,3072,64,1,[197; 197; 1; 96; 24; 12; 3072; 64; 1],0.06932717096060514,0.012470558937416432,tvm
197,197,1,96,96,8,1536,64,1,[197; 197; 1; 96; 96; 8; 1536; 64; 1],0.027640788233838975,0.03127799989329378,tvm
197,197,1,64,32,8,768,32,1,[197; 197; 1; 64; 32; 8; 768; 32; 1],0.017975132097490132,0.048096924503230123,tvm
197,197,1,192,32,4,6,6,0,[197; 197; 1; 192; 32; 4; 6; 6; 0],0.010994941199896857,0.0786314865819093,tvm
197,197,1,384,192,64,16,8,1,[197; 197; 1; 384; 192; 64; 16; 8; 1],0.013150851998943835,0.0657408791079091,tvm
197,197,1,192,32,2,1,1,1,[197; 197; 1; 192; 32; 2; 1; 1; 1],0.03684939106460661,0.023461678645185533,tvm
197,197,1,192,24,12,64,32,1,[197; 197; 1; 192; 24; 12; 64; 32; 1],0.05516859795898199,0.01567102669658862,tvm
197,197,1,192,192,6,6,1,0,[197; 197; 1; 192; 192; 6; 6; 1; 0],0.039081393741071224,0.022121743588688965,tvm
197,197,1,48,12,12,4,2,1,[197; 197; 1; 48; 12; 12; 4; 2; 1],0.02207679074490443,0.03916097142099872,tvm
197,197,1,128,128,8,192,3,0,[197; 197; 1; 128; 128; 8; 192; 3; 0],0.016520518984179944,0.052331804603503285,tvm
197,197,1,96,8,8,16,2,1,[197; 197; 1; 96; 8; 8; 16; 2; 1],0.005369577498640865,0.16100867743270375,tvm
197,197,1,384,128,128,8,8,0,[197; 197; 1; 384; 128; 128; 8; 8; 0],0.007562686689198017,0.11431765018950589,tvm
197,197,1,96,96,1,16,2,0,[197; 197; 1; 96; 96; 1; 16; 2; 0],0.013830935524310917,0.06250832200822112,tvm
197,197,1,48,48,8,128,2,0,[197; 197; 1; 48; 48; 8; 128; 2; 0],0.026551023009233177,0.032561780053744924,tvm
197,197,1,96,32,8,256,1,1,[197; 197; 1; 96; 32; 8; 256; 1; 1],0.03845101373735815,0.022484415556217056,tvm
197,197,1,256,128,64,16,4,1,[197; 197; 1; 256; 128; 64; 16; 4; 1],0.005077263122075237,0.17027846511827088,tvm
197,197,1,128,32,1,12,4,1,[197; 197; 1; 128; 32; 1; 12; 4; 1],0.013827103830408305,0.06252564398390302,tvm
197,197,1,64,16,16,768,4,1,[197; 197; 1; 64; 16; 16; 768; 4; 1],0.009200261236401275,0.09397000250470536,tvm
197,197,1,192,48,8,2,2,0,[197; 197; 1; 192; 48; 8; 2; 2; 0],0.01599016389809549,0.05406752406906496,tvm
197,197,1,48,16,16,256,32,0,[197; 197; 1; 48; 16; 16; 256; 32; 0],0.006497511494671926,0.13305841353840103,tvm
197,197,1,32,32,16,1024,2,1,[197; 197; 1; 32; 32; 16; 1024; 2; 1],0.013831242977175862,0.0625069325190251,tvm
197,197,1,64,64,8,8,8,0,[197; 197; 1; 64; 64; 8; 8; 8; 0],0.010216101189143956,0.08462607754387513,tvm
197,197,1,64,16,16,128,32,0,[197; 197; 1; 64; 16; 16; 128; 32; 0],0.01603101409273222,0.05392974932387595,tvm
197,197,1,48,48,8,16,8,0,[197; 197; 1; 48; 48; 8; 16; 8; 0],0.010472286579897627,0.08255585490642893,tvm
197,197,1,48,48,16,768,2,1,[197; 197; 1; 48; 48; 16; 768; 2; 1],0.03417723218444735,0.025296038215230077,tvm
197,197,1,128,128,16,1536,6,1,[197; 197; 1; 128; 128; 16; 1536; 6; 1],0.056669422425329685,0.0152559975808425,tvm
197,197,1,16,16,16,96,24,1,[197; 197; 1; 16; 16; 16; 96; 24; 1],0.011131427512736991,0.0776673585161762,tvm
197,197,1,48,48,16,256,8,0,[197; 197; 1; 48; 48; 16; 256; 8; 0],0.012968869123142213,0.06666337390095435,tvm
197,197,1,192,96,16,256,64,1,[197; 197; 1; 192; 96; 16; 256; 64; 1],0.012776067364029586,0.06766938110100038,tvm
197,197,1,192,96,16,192,24,1,[197; 197; 1; 192; 96; 16; 192; 24; 1],0.02733883005566895,0.031623466317619524,tvm
197,197,1,128,16,16,128,64,1,[197; 197; 1; 128; 16; 16; 128; 64; 1],0.01576390932314098,0.05484353872547581,tvm
197,197,1,32,16,16,48,48,1,[197; 197; 1; 32; 16; 16; 48; 48; 1],0.012565112789161503,0.068805476396067,tvm
197,197,1,192,96,32,768,64,1,[197; 197; 1; 192; 96; 32; 768; 64; 1],0.013920130848418921,0.06210779056913597,tvm
197,197,1,32,16,16,12,1,0,[197; 197; 1; 32; 16; 16; 12; 1; 0],0.003022269062057603,0.2860594320612787,tvm
197,197,1,192,192,96,1536,16,1,[197; 197; 1; 192; 192; 96; 1536; 16; 1],0.019718744966667145,0.04384399579638648,tvm
197,197,1,192,48,16,64,2,1,[197; 197; 1; 192; 48; 16; 64; 2; 1],0.019848037511110306,0.043558390644144254,tvm
197,197,1,64,32,32,96,1,0,[197; 197; 1; 64; 32; 32; 96; 1; 0],0.004631597694242373,0.18666314056233946,tvm
197,197,1,192,192,96,768,24,0,[197; 197; 1; 192; 192; 96; 768; 24; 0],0.005209009599639103,0.16597177541935612,tvm
197,197,1,128,128,16,48,2,0,[197; 197; 1; 128; 128; 16; 48; 2; 0],0.019625919871032238,0.04405136559762688,tvm
197,197,1,96,96,32,768,48,1,[197; 197; 1; 96; 96; 32; 768; 48; 1],0.006960290746064857,0.12421155997216951,tvm
197,197,1,192,64,64,512,64,0,[197; 197; 1; 192; 64; 64; 512; 64; 0],0.010610621073283255,0.08147954445432413,tvm
197,197,1,192,192,192,128,2,1,[197; 197; 1; 192; 192; 192; 128; 2; 1],0.005016260591219179,0.17234921426170302,tvm
197,197,1,192,64,64,384,8,0,[197; 197; 1; 192; 64; 64; 384; 8; 0],0.005158020052476786,0.16761248747248106,tvm
197,197,1,128,16,16,16,1,1,[197; 197; 1; 128; 16; 16; 16; 1; 1],0.003917244874173775,0.220703223617319,tvm
197,197,1,128,128,16,12,2,0,[197; 197; 1; 128; 128; 16; 12; 2; 0],0.007687871984671801,0.11245616123061385,tvm
197,197,1,192,64,64,24,6,0,[197; 197; 1; 192; 64; 64; 24; 6; 0],0.0040923770575318485,0.21125828809869948,tvm
197,197,1,128,128,128,4,4,0,[197; 197; 1; 128; 128; 128; 4; 4; 0],0.009138155815890059,0.09460864848958193,tvm
197,197,1,128,64,32,6,3,1,[197; 197; 1; 128; 64; 32; 6; 3; 1],0.007054122746922076,0.12255933196027809,tvm
197,197,1,96,96,48,3,1,1,[197; 197; 1; 96; 96; 48; 3; 1; 1],0.007913987064966932,0.1092431115102137,tvm
197,197,1,768,256,32,4,1,1,[197; 197; 1; 768; 256; 32; 4; 1; 1],0.01655056787421927,0.05223679199402421,tvm
197,197,1,16,4,2,16,8,0,[197; 197; 1; 16; 4; 2; 16; 8; 0],0.01866784447338432,0.046312179890999276,tvm
197,197,1,768,16,8,24,2,0,[197; 197; 1; 768; 16; 8; 24; 2; 0],0.0489915480138734,0.017646892300356563,tvm
197,197,1,96,6,1,12,12,1,[197; 197; 1; 96; 6; 1; 12; 12; 1],0.010134876560186967,0.08530430205976008,tvm
197,197,1,384,384,48,64,16,0,[197; 197; 1; 384; 384; 48; 64; 16; 0],0.02107024914585054,0.04103172038660164,tvm
197,197,1,768,256,8,12,6,1,[197; 197; 1; 768; 256; 8; 12; 6; 1],0.029851411702111363,0.028961731527337536,tvm
197,197,1,256,8,8,24,24,1,[197; 197; 1; 256; 8; 8; 24; 24; 1],0.014370240387506783,0.06016242930634575,tvm
197,197,1,768,24,12,24,1,0,[197; 197; 1; 768; 24; 12; 24; 1; 0],0.07032092567533255,0.012294328652898283,tvm
197,197,1,384,48,48,512,1,1,[197; 197; 1; 384; 48; 48; 512; 1; 1],0.010733875882579014,0.08054393220921495,tvm
197,197,1,768,128,128,48,1,1,[197; 197; 1; 768; 128; 128; 48; 1; 1],0.021546766511164606,0.040124283659016755,tvm
197,197,1,384,384,64,384,1,0,[197; 197; 1; 384; 384; 64; 384; 1; 0],0.010534797795116901,0.08206598629062511,tvm
197,197,1,256,32,8,24,4,1,[197; 197; 1; 256; 32; 8; 24; 4; 1],0.014251021028030664,0.06066572842241063,tvm
197,197,1,48,16,2,12,4,0,[197; 197; 1; 48; 16; 2; 12; 4; 0],0.031561430310830474,0.027392566272001206,tvm
197,197,1,24,12,4,24,8,1,[197; 197; 1; 24; 12; 4; 24; 8; 1],0.03468414302915335,0.024926335089262123,tvm
197,197,1,256,64,8,12,6,1,[197; 197; 1; 256; 64; 8; 12; 6; 1],0.01064779786975123,0.08119505854676506,tvm
197,197,1,192,96,8,24,4,1,[197; 197; 1; 192; 96; 8; 24; 4; 1],0.010553290630923584,0.0819221796939093,tvm
197,197,1,768,48,24,2,2,1,[197; 197; 1; 768; 48; 24; 2; 2; 1],0.033220435259863734,0.026024600962200568,tvm
197,197,1,48,6,6,24,6,1,[197; 197; 1; 48; 6; 6; 24; 6; 1],0.016037593013606966,0.05390762633114908,tvm
197,197,1,768,768,192,12,1,0,[197; 197; 1; 768; 768; 192; 12; 1; 0],0.019777565146796405,0.04371359998116917,tvm
197,197,1,768,96,24,24,4,0,[197; 197; 1; 768; 96; 24; 24; 4; 0],0.02977821754757315,0.029032918778546232,tvm
197,197,1,768,128,128,32,4,0,[197; 197; 1; 768; 128; 128; 32; 4; 0],0.014333221886772662,0.06031781118426803,tvm
197,197,1,768,192,192,16,16,1,[197; 197; 1; 768; 192; 192; 16; 16; 1],0.015847917879000306,0.05455281747605241,tvm
197,197,1,48,6,6,12,1,1,[197; 197; 1; 48; 6; 6; 12; 1; 1],0.013494624348822981,0.0640661458282074,tvm
197,197,1,384,64,32,8,2,1,[197; 197; 1; 384; 64; 32; 8; 2; 1],0.014118379622232169,0.061235679629068014,tvm
197,197,1,384,48,48,48,1,0,[197; 197; 1; 384; 48; 48; 48; 1; 0],0.012075011327397078,0.07159815821182636,tvm
197,197,1,24,12,12,2,2,0,[197; 197; 1; 24; 12; 12; 2; 2; 0],0.011782995192334056,0.0733725642178859,tvm
197,197,1,96,8,8,8,4,0,[197; 197; 1; 96; 8; 8; 8; 4; 0],0.013699916657060385,0.06310611904219271,tvm
197,197,1,48,48,4,6,3,0,[197; 197; 1; 48; 48; 4; 6; 3; 0],0.01317106036003679,0.06564001286120873,tvm
197,197,1,96,24,12,2,2,0,[197; 197; 1; 96; 24; 12; 2; 2; 0],0.028402840835042298,0.030438806331017622,tvm
197,197,1,96,24,24,3072,6,1,[197; 197; 1; 96; 24; 24; 3072; 6; 1],0.028724868781864643,0.030097563821576148,tvm
197,197,1,768,128,128,2,1,1,[197; 197; 1; 768; 128; 128; 2; 1; 1],0.025407860171981156,0.03402681554356016,tvm
197,197,1,256,256,256,192,4,0,[197; 197; 1; 256; 256; 256; 192; 4; 0],0.013520977518055588,0.06394127719494201,tvm
197,197,1,384,192,96,8,8,0,[197; 197; 1; 384; 192; 96; 8; 8; 0],0.011413628177251667,0.07574704186979653,tvm
197,197,1,64,64,16,768,6,1,[197; 197; 1; 64; 64; 16; 768; 6; 1],0.01821419264888391,0.04746565428918681,tvm
197,197,1,48,48,16,384,1,1,[197; 197; 1; 48; 48; 16; 384; 1; 1],0.013183031463995576,0.06558040719160507,tvm
197,197,1,96,32,16,768,64,0,[197; 197; 1; 96; 32; 16; 768; 64; 0],0.013660260243341327,0.06328931923899431,tvm
197,197,1,256,32,32,32,1,0,[197; 197; 1; 256; 32; 32; 32; 1; 0],0.00811053643701598,0.1065957323713911,tvm
197,197,1,64,64,16,768,48,0,[197; 197; 1; 64; 64; 16; 768; 48; 0],0.018267797131557018,0.04732637247953078,tvm
197,197,1,256,128,128,256,8,0,[197; 197; 1; 256; 128; 128; 256; 8; 0],0.0072218760615214705,0.11971246308627904,tvm
197,197,1,192,96,48,3072,4,1,[197; 197; 1; 192; 96; 48; 3072; 4; 1],0.04357702343259007,0.019839550830403875,tvm
197,197,1,48,48,16,64,64,1,[197; 197; 1; 48; 48; 16; 64; 64; 1],0.00589943616068922,0.14654766114590312,tvm
197,197,1,256,128,64,32,32,0,[197; 197; 1; 256; 128; 64; 32; 32; 0],0.005325078062014654,0.16235415919921442,tvm
197,197,1,48,48,16,64,32,0,[197; 197; 1; 48; 48; 16; 64; 32; 0],0.006360184517689049,0.13593136630298613,tvm
197,197,1,128,128,128,1536,16,0,[197; 197; 1; 128; 128; 128; 1536; 16; 0],0.02428766048979014,0.035596206221344524,tvm
197,197,1,192,192,32,192,24,1,[197; 197; 1; 192; 192; 32; 192; 24; 1],0.01357713941251859,0.06367678383205139,tvm
197,197,1,16,16,16,48,2,1,[197; 197; 1; 16; 16; 16; 48; 2; 1],0.014897309767547995,0.05803387221710909,tvm
197,197,1,64,16,16,64,4,1,[197; 197; 1; 64; 16; 16; 64; 4; 1],0.013807940995320678,0.06261241786313797,tvm
197,197,1,256,128,128,16,1,1,[197; 197; 1; 256; 128; 128; 16; 1; 1],0.007862419646698982,0.10995960661951566,tvm
197,197,1,192,192,48,2,2,0,[197; 197; 1; 192; 192; 48; 2; 2; 0],0.04201864846982062,0.020575354108534043,tvm
197,197,1,256,64,64,8,8,1,[197; 197; 1; 256; 64; 64; 8; 8; 1],0.00440421597159002,0.19630022165249317,tvm
197,197,1,192,96,48,192,3,1,[197; 197; 1; 192; 96; 48; 192; 3; 1],0.016238866781350225,0.05323946449400493,tvm
197,197,1,64,64,32,192,6,0,[197; 197; 1; 64; 64; 32; 192; 6; 0],0.013776564854197204,0.0627550177114853,tvm
197,197,1,192,192,96,6,6,1,[197; 197; 1; 192; 192; 96; 6; 6; 1],0.006624886387726292,0.13050013552387735,tvm
197,197,1,128,128,32,96,3,1,[197; 197; 1; 128; 128; 32; 96; 3; 1],0.012681110121775419,0.06817609524137862,tvm
197,197,1,32,32,32,256,4,0,[197; 197; 1; 32; 32; 32; 256; 4; 0],0.013946744322311133,0.0619892751633455,tvm
197,197,1,96,96,32,96,4,1,[197; 197; 1; 96; 96; 32; 96; 4; 1],0.019286733237095177,0.044826076080408485,tvm
197,197,1,192,24,24,32,1,0,[197; 197; 1; 192; 24; 24; 32; 1; 0],0.008853492181515321,0.09765057151500182,tvm
197,197,1,128,64,32,96,4,0,[197; 197; 1; 128; 64; 32; 96; 4; 0],0.004591692253598012,0.18828539102356398,tvm
197,197,1,48,48,48,384,12,0,[197; 197; 1; 48; 48; 48; 384; 12; 0],0.00811956636607647,0.10647718516602726,tvm
197,197,1,192,48,24,16,16,1,[197; 197; 1; 192; 48; 24; 16; 16; 1],0.009236289246473461,0.09360345354696072,tvm
197,197,1,24,24,24,24,4,0,[197; 197; 1; 24; 24; 24; 24; 4; 0],0.00799055301467888,0.10819633758018629,tvm
197,197,1,64,32,16,4,2,1,[197; 197; 1; 64; 32; 16; 4; 2; 1],0.0089891612296924,0.09617677882702248,tvm
197,197,1,96,32,32,3,3,1,[197; 197; 1; 96; 32; 32; 3; 3; 1],0.006912066484801471,0.12507816198376787,tvm
197,197,1,96,48,48,4,4,1,[197; 197; 1; 96; 48; 48; 4; 4; 1],0.007543111249106005,0.11461432065330285,tvm
197,197,1,12,12,12,48,24,0,[197; 197; 1; 12; 12; 12; 48; 24; 0],0.010566211480181664,0.08182200148559844,tvm
1,1,1,384,128,128,12,3,0,[1; 1; 1; 384; 128; 128; 12; 3; 0],0.010003288567531854,0.08642643522597933,tvm
197,197,1,64,64,1,6,3,0,[197; 197; 1; 64; 64; 1; 6; 3; 0],0.009554490854497999,0.0904860954491955,tvm
1,1,1,384,384,64,6,1,1,[1; 1; 1; 384; 384; 64; 6; 1; 1],0.018950203142594546,0.04562212684070482,tvm
197,197,1,256,32,16,1024,1,1,[197; 197; 1; 256; 32; 16; 1024; 1; 1],0.018696627870667726,0.04624088244195744,tvm
197,197,1,48,48,6,24,3,1,[197; 197; 1; 48; 48; 6; 24; 3; 1],0.030614683055318892,0.028239670809800124,tvm
197,197,1,384,96,12,12,12,1,[197; 197; 1; 384; 96; 12; 12; 12; 1],0.02336140483384952,0.03700755915910858,tvm
197,197,1,192,96,96,3072,4,1,[197; 197; 1; 192; 96; 96; 3072; 4; 1],0.04067984549328685,0.021252503812268477,tvm
197,197,1,192,96,16,1024,32,0,[197; 197; 1; 192; 96; 16; 1024; 32; 0],0.013829446979798377,0.06251505014564045,tvm
197,197,1,192,96,96,1536,4,1,[197; 197; 1; 192; 96; 96; 1536; 4; 1],0.019484264659695327,0.044371629441934,tvm
1,1,1,384,384,96,8,8,1,[1; 1; 1; 384; 384; 96; 8; 8; 1],0.01617997110588476,0.05343325805533296,tvm
197,197,1,32,4,4,6,2,1,[197; 197; 1; 32; 4; 4; 6; 2; 1],0.025327000417746603,0.03413545059298783,tvm
197,197,1,32,4,4,4,2,0,[197; 197; 1; 32; 4; 4; 4; 2; 0],0.06399704399518669,0.013509195385549297,tvm
197,197,1,128,8,8,12,1,1,[197; 197; 1; 128; 8; 8; 12; 1; 1],0.022357936017215252,0.03866853231724444,tvm
197,197,1,12,12,6,16,8,0,[197; 197; 1; 12; 12; 6; 16; 8; 0],0.05733218602836132,0.015079637308804045,tvm
197,197,1,384,192,48,48,16,1,[197; 197; 1; 384; 192; 48; 48; 16; 1],0.010913463862380013,0.07921853064532255,tvm
197,197,1,192,64,64,3072,16,1,[197; 197; 1; 192; 64; 64; 3072; 16; 1],0.021594216988887638,0.040036115774582944,tvm
197,197,1,64,64,4,16,8,1,[197; 197; 1; 64; 64; 4; 16; 8; 1],0.014992673823144287,0.05766473556531072,tvm
197,197,1,64,64,64,1536,6,1,[197; 197; 1; 64; 64; 64; 1536; 6; 1],0.014706225716508925,0.058787930234067184,tvm
197,197,1,48,48,12,48,12,0,[197; 197; 1; 48; 48; 12; 48; 12; 0],0.033883708412759006,0.025515169735760776,tvm
197,197,1,384,128,16,4,2,1,[197; 197; 1; 384; 128; 16; 4; 2; 1],0.006532389437779784,0.13234798379112137,tvm
197,197,1,128,128,16,192,6,0,[197; 197; 1; 128; 128; 16; 192; 6; 0],0.016571939340792596,0.05216942650160715,tvm
197,197,1,96,32,8,12,2,0,[197; 197; 1; 96; 32; 8; 12; 2; 0],0.013636644463986158,0.06339892293238342,tvm
197,197,1,48,48,6,16,4,1,[197; 197; 1; 48; 48; 6; 16; 4; 1],0.0495853255270049,0.017435573170891568,tvm
197,197,1,384,48,16,12,3,1,[197; 197; 1; 384; 48; 16; 12; 3; 1],0.009508630057098344,0.09092251630750657,tvm
197,197,1,384,384,384,512,8,0,[197; 197; 1; 384; 384; 384; 512; 8; 0],0.01877068862086162,0.04605843658115546,tvm
197,197,1,384,48,16,8,1,1,[197; 197; 1; 384; 48; 16; 8; 1; 1],0.008149794972268865,0.1060822480038274,tvm
197,197,1,256,16,16,384,6,0,[197; 197; 1; 256; 16; 16; 384; 6; 0],0.017873127479106188,0.04837142086292591,tvm
197,197,1,384,192,64,384,2,0,[197; 197; 1; 384; 192; 64; 384; 2; 0],0.011492655874462798,0.07522617755828202,tvm
197,197,1,384,192,96,128,2,0,[197; 197; 1; 384; 192; 96; 128; 2; 0],0.011012522067176178,0.07850595587049372,tvm
197,197,1,128,16,16,768,2,1,[197; 197; 1; 128; 16; 16; 768; 2; 1],0.009136434760876,0.09462647017748514,tvm
197,197,1,384,384,192,128,1,0,[197; 197; 1; 384; 384; 192; 128; 1; 0],0.012141949875513092,0.0712034376926661,tvm
197,197,1,384,128,128,192,12,0,[197; 197; 1; 384; 128; 128; 192; 12; 0],0.010443885199492797,0.08278035950362206,tvm
197,197,1,192,48,16,192,6,1,[197; 197; 1; 192; 48; 16; 192; 6; 1],0.012217629613587633,0.07076238180171038,tvm
197,197,1,384,128,128,96,2,1,[197; 197; 1; 384; 128; 128; 96; 2; 1],0.010218792624073103,0.08460378865032407,tvm
197,197,1,96,32,16,768,1,0,[197; 197; 1; 96; 32; 16; 768; 1; 0],0.015521676512435079,0.05569943238643999,tvm
197,197,1,32,32,16,768,24,1,[197; 197; 1; 32; 32; 16; 768; 24; 1],0.013637490512337536,0.06339498976343437,tvm
197,197,1,128,128,16,48,16,0,[197; 197; 1; 128; 128; 16; 48; 16; 0],0.013653477712068707,0.06332075897881839,tvm
197,197,1,128,128,32,768,12,1,[197; 197; 1; 128; 128; 32; 768; 12; 1],0.009462156624067575,0.0913690827342193,tvm
197,197,1,384,64,64,4,2,1,[197; 197; 1; 384; 64; 64; 4; 2; 1],0.007878402102505788,0.10973653796543271,tvm
197,197,1,96,32,16,384,48,1,[197; 197; 1; 96; 32; 16; 384; 48; 1],0.0065971355070360005,0.13104908494095807,tvm
197,197,1,192,96,24,2,1,1,[197; 197; 1; 192; 96; 24; 2; 1; 1],0.006678653007838875,0.12944954175847026,tvm
197,197,1,192,64,32,256,2,0,[197; 197; 1; 192; 64; 32; 256; 2; 0],0.013863191241398454,0.06236288285822996,tvm
197,197,1,256,16,16,32,4,1,[197; 197; 1; 256; 16; 16; 32; 4; 1],0.008263737428933382,0.10461955971659671,tvm
197,197,1,192,192,96,1024,8,1,[197; 197; 1; 192; 192; 96; 1024; 8; 1],0.0069457716308534145,0.12447120599073681,tvm
197,197,1,64,64,16,96,12,1,[197; 197; 1; 64; 64; 16; 96; 12; 1],0.01404698786791414,0.06154690098390108,tvm
197,197,1,48,48,24,512,32,1,[197; 197; 1; 48; 48; 24; 512; 32; 1],0.014641785994172096,0.05904666082216265,tvm
197,197,1,24,24,24,512,8,0,[197; 197; 1; 24; 24; 24; 512; 8; 0],0.028931232984177768,0.02988288027341888,tvm
197,197,1,128,128,128,2,1,1,[197; 197; 1; 128; 128; 128; 2; 1; 1],0.004182879551080987,0.20668741733314913,tvm
197,197,1,192,192,64,384,4,1,[197; 197; 1; 192; 192; 64; 384; 4; 1],0.005134673119755462,0.16837460754848313,tvm
197,197,1,128,128,64,4,1,0,[197; 197; 1; 128; 128; 64; 4; 1; 0],0.015622174774762243,0.055341115042782454,tvm
197,197,1,256,64,64,2,1,1,[197; 197; 1; 256; 64; 64; 2; 1; 1],0.008696172502823174,0.09941713680908464,tvm
197,197,1,48,48,48,768,64,0,[197; 197; 1; 48; 48; 48; 768; 64; 0],0.009162585745798424,0.09435639626346928,tvm
197,197,1,96,96,96,192,48,0,[197; 197; 1; 96; 96; 96; 192; 48; 0],0.008752158639254048,0.09878118154200383,tvm
197,197,1,192,192,192,96,48,0,[197; 197; 1; 192; 192; 192; 96; 48; 0],0.010118410806171596,0.08544311829099199,tvm
197,197,1,128,128,128,384,32,1,[197; 197; 1; 128; 128; 128; 384; 32; 1],0.009819847327889875,0.08804093816948871,tvm
197,197,1,192,64,64,512,4,1,[197; 197; 1; 192; 64; 64; 512; 4; 1],0.005129998025950044,0.16852805148369668,tvm
197,197,1,192,48,24,48,8,0,[197; 197; 1; 192; 48; 24; 48; 8; 0],0.009470239572692662,0.09129109826550622,tvm
197,197,1,128,64,64,256,32,1,[197; 197; 1; 128; 64; 64; 256; 32; 1],0.0036572522221831605,0.23639293078684293,tvm
197,197,1,192,64,64,128,64,1,[197; 197; 1; 192; 64; 64; 128; 64; 1],0.00916884676553309,0.09429196424991244,tvm
197,197,1,256,32,16,16,8,0,[197; 197; 1; 256; 32; 16; 16; 8; 0],0.01008491005632095,0.08572694913493012,tvm
197,197,1,192,32,32,16,4,0,[197; 197; 1; 192; 32; 32; 16; 4; 0],0.003722467299667187,0.23225148855058247,tvm
197,197,1,128,32,16,8,1,0,[197; 197; 1; 128; 32; 16; 8; 1; 0],0.005064328623120673,0.1707133631655662,tvm
197,197,1,128,32,16,12,12,0,[197; 197; 1; 128; 32; 16; 12; 12; 0],0.007546215958427638,0.11456716534371651,tvm
197,197,1,384,64,8,4,4,1,[197; 197; 1; 384; 64; 8; 4; 4; 1],0.013281338382512331,0.06509498866220674,tvm
197,197,1,128,8,8,48,6,1,[197; 197; 1; 128; 8; 8; 48; 6; 1],0.02270621299976483,0.03807541889250865,tvm
197,197,1,384,64,16,192,64,1,[197; 197; 1; 384; 64; 16; 192; 64; 1],0.02454897214192897,0.03521730223286808,tvm
197,197,1,192,24,8,4,4,1,[197; 197; 1; 192; 24; 8; 4; 4; 1],0.010613261692924425,0.08145927203556495,tvm
197,197,1,96,96,6,12,4,1,[197; 197; 1; 96; 96; 6; 12; 4; 1],0.023109016357921064,0.037411742587314,tvm
197,197,1,96,32,8,48,48,1,[197; 197; 1; 96; 32; 8; 48; 48; 1],0.01790535100735724,0.04828436879418514,tvm
1,1,1,384,384,32,16,2,0,[1; 1; 1; 384; 384; 32; 16; 2; 0],0.019122076977510005,0.04521206417301794,tvm
1,1,1,384,384,64,96,3,0,[1; 1; 1; 384; 384; 64; 96; 3; 0],0.020581221382599324,0.042006669835421714,tvm
197,197,1,384,16,16,192,24,1,[197; 197; 1; 384; 16; 16; 192; 24; 1],0.024883475503884256,0.03474388339738222,tvm
1,1,1,384,192,64,96,32,0,[1; 1; 1; 384; 192; 64; 96; 32; 0],0.009677888941951096,0.08933235095114404,tvm
1,1,1,384,384,64,48,48,0,[1; 1; 1; 384; 384; 64; 48; 48; 0],0.018339148780796677,0.047142240992878524,tvm
1,1,1,384,384,384,128,2,0,[1; 1; 1; 384; 384; 384; 128; 2; 0],0.016288538405206054,0.05307711164264125,tvm
197,197,1,768,32,16,16,4,1,[197; 197; 1; 768; 32; 16; 16; 4; 1],0.021328689879737794,0.040534537109562015,tvm
1,1,1,32,32,8,3,3,0,[1; 1; 1; 32; 32; 8; 3; 3; 0],0.009701914386823773,0.08911113177856113,tvm
1,1,1,384,384,32,4,1,1,[1; 1; 1; 384; 384; 32; 4; 1; 1],0.010861625545658171,0.07959660989916617,tvm
1,1,1,384,192,32,2,2,0,[1; 1; 1; 384; 192; 32; 2; 2; 0],0.01732097176136449,0.04991339881732277,tvm
197,197,1,192,96,8,4,4,0,[197; 197; 1; 192; 96; 8; 4; 4; 0],0.014071543875616044,0.06143949655209542,tvm
1,1,1,384,384,128,12,12,0,[1; 1; 1; 384; 384; 128; 12; 12; 0],0.018061380251310766,0.047867248205785855,tvm
197,197,1,384,192,24,384,1,1,[197; 197; 1; 384; 192; 24; 384; 1; 1],0.01867705211043358,0.0462893483573678,tvm
197,197,1,384,96,16,48,16,1,[197; 197; 1; 384; 96; 16; 48; 16; 1],0.017761381750460714,0.048675749644655084,tvm
1,1,1,384,384,128,2,1,0,[1; 1; 1; 384; 384; 128; 2; 1; 0],0.014985207410063595,0.05769346714867408,tvm
1,1,1,384,128,128,12,4,0,[1; 1; 1; 384; 128; 128; 12; 4; 0],0.01895440387306735,0.045612015931401774,tvm
1,1,1,384,128,64,4,1,0,[1; 1; 1; 384; 128; 64; 4; 1; 0],0.017954016046132892,0.04815349218843915,tvm
197,197,1,384,128,32,48,24,1,[197; 197; 1; 384; 128; 32; 48; 24; 1],0.012467890948755667,0.06934200619671413,tvm
197,197,1,48,48,12,32,4,0,[197; 197; 1; 48; 48; 12; 32; 4; 0],0.007946171856019646,0.10880063848274689,tvm
197,197,1,384,384,32,32,16,0,[197; 197; 1; 384; 384; 32; 32; 16; 0],0.012709351198282093,0.0680246031398858,tvm
197,197,1,128,128,16,128,32,0,[197; 197; 1; 128; 128; 16; 128; 32; 0],0.01542234153021127,0.05605819127627165,tvm
197,197,1,192,64,16,128,1,0,[197; 197; 1; 192; 64; 16; 128; 1; 0],0.015290425508283079,0.05654182553390885,tvm
197,197,1,384,384,96,192,24,1,[197; 197; 1; 384; 384; 96; 192; 24; 1],0.009962574375094846,0.08677963535106263,tvm
197,197,1,384,384,384,96,4,0,[197; 197; 1; 384; 384; 384; 96; 4; 0],0.011024327628547326,0.07842188662733827,tvm
197,197,1,384,48,48,96,12,0,[197; 197; 1; 384; 48; 48; 96; 12; 0],0.011507694434840232,0.07512786999375817,tvm
197,197,1,384,192,64,48,16,1,[197; 197; 1; 384; 192; 64; 48; 16; 1],0.010500598436919972,0.0823332666820997,tvm
197,197,1,192,192,24,48,12,1,[197; 197; 1; 192; 192; 24; 48; 12; 1],0.008915965823689476,0.09696633976898943,tvm
197,197,1,384,384,384,8,4,0,[197; 197; 1; 384; 384; 384; 8; 4; 0],0.014875867636874318,0.058117522455330764,tvm
197,197,1,384,192,24,12,1,1,[197; 197; 1; 384; 192; 24; 12; 1; 1],0.012778709759004414,0.06765538835557121,tvm
197,197,1,384,384,384,24,3,1,[197; 197; 1; 384; 384; 384; 24; 3; 1],0.008458155818516389,0.10221478416558875,tvm
197,197,1,192,96,24,48,12,1,[197; 197; 1; 192; 96; 24; 48; 12; 1],0.014519221673253924,0.059545104474929895,tvm
197,197,1,384,64,16,16,16,1,[197; 197; 1; 384; 64; 16; 16; 16; 1],0.00836658402113244,0.10333351930069452,tvm
197,197,1,32,16,16,128,4,0,[197; 197; 1; 32; 16; 16; 128; 4; 0],0.017705222475342453,0.04883014447475049,tvm
197,197,1,192,192,24,64,1,0,[197; 197; 1; 192; 192; 24; 64; 1; 0],0.009952552762115374,0.08686701714554038,tvm
197,197,1,384,128,128,64,1,0,[197; 197; 1; 384; 128; 128; 64; 1; 0],0.010595628700684756,0.08159483461068232,tvm
197,197,1,256,256,256,384,48,0,[197; 197; 1; 256; 256; 256; 384; 48; 0],0.006680955528281629,0.12940492834726847,tvm
197,197,1,192,192,32,48,1,0,[197; 197; 1; 192; 192; 32; 48; 1; 0],0.0076323640532791615,0.11327402170460246,tvm
197,197,1,192,64,32,128,1,1,[197; 197; 1; 192; 64; 32; 128; 1; 1],0.01326935098040849,0.06515379483932805,tvm
197,197,1,64,32,32,384,64,1,[197; 197; 1; 64; 32; 32; 384; 64; 1],0.009206221613567322,0.09390916357634445,tvm
197,197,1,192,32,32,512,4,0,[197; 197; 1; 192; 32; 32; 512; 4; 0],0.021441701508592814,0.04032089389370995,tvm
197,197,1,48,24,24,32,16,1,[197; 197; 1; 48; 24; 24; 32; 16; 1],0.012667949369642884,0.06824692349184401,tvm
197,197,1,192,48,48,128,4,0,[197; 197; 1; 192; 48; 48; 128; 4; 0],0.0071373641840182245,0.12112995065663638,tvm
197,197,1,256,32,16,4,4,1,[197; 197; 1; 256; 32; 16; 4; 4; 1],0.005721574940253049,0.15110325049597878,tvm
197,197,1,192,96,96,192,32,1,[197; 197; 1; 192; 96; 96; 192; 32; 1],0.005344055156456307,0.1617776288076079,tvm
197,197,1,128,128,64,512,1,1,[197; 197; 1; 128; 128; 64; 512; 1; 1],0.0036480850831139833,0.23698695390366223,tvm
197,197,1,192,192,96,16,2,1,[197; 197; 1; 192; 192; 96; 16; 2; 1],0.004922935622744262,0.17561646905035774,tvm
197,197,1,64,64,32,32,4,1,[197; 197; 1; 64; 64; 32; 32; 4; 1],0.007277543831150979,0.11879675224049305,tvm
197,197,1,192,48,48,48,1,1,[197; 197; 1; 192; 48; 48; 48; 1; 1],0.009207717492245138,0.09389390716610341,tvm
197,197,1,96,48,24,2,2,1,[197; 197; 1; 96; 48; 24; 2; 2; 1],0.008572989638196304,0.1008456335438271,tvm
197,197,1,128,128,64,24,24,1,[197; 197; 1; 128; 128; 64; 24; 24; 1],0.007069827115628868,0.12228708811243243,tvm
197,197,1,16,16,16,24,4,1,[197; 197; 1; 16; 16; 16; 24; 4; 1],0.002698999858694151,0.3203218290818523,tvm
197,197,1,192,32,16,24,12,1,[197; 197; 1; 192; 32; 16; 24; 12; 1],0.006095835589803755,0.14182609729085624,tvm
197,197,1,192,24,24,12,4,1,[197; 197; 1; 192; 24; 24; 12; 4; 1],0.0067826938175130635,0.12746389483132617,tvm
197,197,1,128,32,32,32,4,1,[197; 197; 1; 128; 32; 32; 32; 4; 1],0.005561579004279338,0.15545020052099368,tvm
197,197,1,128,32,16,3,3,1,[197; 197; 1; 128; 32; 16; 3; 3; 1],0.0074814614781644195,0.1155587813894203,tvm
197,197,1,96,16,16,6,3,1,[197; 197; 1; 96; 16; 16; 6; 3; 1],0.006786525860661641,0.1273919217548349,tvm
197,197,1,192,32,32,16,8,1,[197; 197; 1; 192; 32; 32; 16; 8; 1],0.004250163023243658,0.20341539058630306,tvm
197,197,1,32,32,16,12,4,1,[197; 197; 1; 32; 32; 16; 12; 4; 1],0.003794418153120205,0.22784746871338907,tvm
197,197,1,32,16,8,32,2,1,[197; 197; 1; 32; 16; 8; 32; 2; 1],0.0076695386378560215,0.1127249776357149,tvm
197,197,1,384,128,8,24,4,1,[197; 197; 1; 384; 128; 8; 24; 4; 1],0.021198674628976732,0.04078314265207925,tvm
197,197,1,192,24,8,32,4,1,[197; 197; 1; 192; 24; 8; 32; 4; 1],0.013904852967243642,0.06217603116445976,tvm
197,197,1,192,16,8,8,8,1,[197; 197; 1; 192; 16; 8; 8; 8; 1],0.007759015687042847,0.11142503202723543,tvm
1,1,1,384,128,128,48,12,0,[1; 1; 1; 384; 128; 128; 48; 12; 0],0.033430570852942765,0.025861017307530317,tvm
1,1,1,128,64,64,192,48,1,[1; 1; 1; 128; 64; 64; 192; 48; 1],0.027073462260887027,0.03193343219635351,tvm
1,1,1,128,128,128,96,24,1,[1; 1; 1; 128; 128; 128; 96; 24; 1],0.027855882537551224,0.03103648108305718,tvm
197,197,1,12,12,12,8,1,0,[197; 197; 1; 12; 12; 12; 8; 1; 0],0.014820970129221678,0.058332792245764625,tvm
1,1,1,24,24,12,4,2,0,[1; 1; 1; 24; 24; 12; 4; 2; 0],0.014327647106256336,0.060341280394256507,tvm
197,197,1,256,256,32,1024,32,1,[197; 197; 1; 256; 256; 32; 1024; 32; 1],0.010750574321718886,0.0804188265255712,tvm
197,197,1,48,8,8,4,2,1,[197; 197; 1; 48; 8; 8; 4; 2; 1],0.007239830796606839,0.11941557692671045,tvm
197,197,1,256,64,32,1024,32,1,[197; 197; 1; 256; 64; 32; 1024; 32; 1],0.009475307131651789,0.09124227419928059,tvm
197,197,1,96,48,8,16,4,1,[197; 197; 1; 96; 48; 8; 16; 4; 1],0.008023955568205565,0.10774593205055776,tvm
197,197,1,384,96,48,384,32,0,[197; 197; 1; 384; 96; 48; 384; 32; 0],0.021766869875136763,0.03971855284604348,tvm
197,197,1,128,64,16,384,6,1,[197; 197; 1; 128; 64; 16; 384; 6; 1],0.02623210148885846,0.032957655786585396,tvm
197,197,1,48,12,12,8,8,1,[197; 197; 1; 48; 12; 12; 8; 8; 1],0.020979440887458622,0.041209323740624235,tvm
197,197,1,384,192,48,256,1,0,[197; 197; 1; 384; 192; 48; 256; 1; 0],0.010661533626262099,0.08109045112412026,tvm
197,197,1,96,48,12,12,3,0,[197; 197; 1; 96; 48; 12; 12; 3; 0],0.0189075423986651,0.045725063215492766,tvm
197,197,1,384,96,48,128,8,1,[197; 197; 1; 384; 96; 48; 128; 8; 1],0.010673029260942712,0.08100311076559427,tvm
197,197,1,384,192,48,96,1,0,[197; 197; 1; 384; 192; 48; 96; 1; 0],0.011509518924867734,0.07511596071670794,tvm
197,197,1,48,24,12,32,8,0,[197; 197; 1; 48; 24; 12; 32; 8; 0],0.01799464935902506,0.04804475787103706,tvm
197,197,1,384,96,48,384,2,1,[197; 197; 1; 384; 96; 48; 384; 2; 1],0.010451310314238071,0.08272154834506981,tvm
197,197,1,32,32,16,768,4,1,[197; 197; 1; 32; 32; 16; 768; 4; 1],0.02057695423718542,0.04201538096761725,tvm
197,197,1,384,192,192,512,1,1,[197; 197; 1; 384; 192; 192; 512; 1; 1],0.010792071232572198,0.08010960572788155,tvm
197,197,1,384,192,16,24,12,1,[197; 197; 1; 384; 192; 16; 24; 12; 1],0.0106021317478735,0.0815447866512295,tvm
197,197,1,384,64,32,24,6,0,[197; 197; 1; 384; 64; 32; 24; 6; 0],0.015969849366229028,0.05413630095076582,tvm
197,197,1,384,64,16,24,24,0,[197; 197; 1; 384; 64; 16; 24; 24; 0],0.012246125988895074,0.07059771981870461,tvm
197,197,1,384,96,32,24,4,1,[197; 197; 1; 384; 96; 32; 24; 4; 1],0.009431793499970809,0.09166322093791039,tvm
197,197,1,384,48,48,32,8,1,[197; 197; 1; 384; 48; 48; 32; 8; 1],0.008532113628461957,0.10132876905724231,tvm
197,197,1,256,128,32,96,32,0,[197; 197; 1; 256; 128; 32; 96; 32; 0],0.008958274556789547,0.09650838070968959,tvm
197,197,1,384,192,192,12,4,0,[197; 197; 1; 384; 192; 192; 12; 4; 0],0.006342310749460012,0.13631444525202105,tvm
197,197,1,32,16,16,512,64,0,[197; 197; 1; 32; 16; 16; 512; 64; 0],0.02719630568753928,0.03178919156746674,tvm
197,197,1,384,192,192,4,4,0,[197; 197; 1; 384; 192; 192; 4; 4; 0],0.01124005380552262,0.07691676449126865,tvm
197,197,1,384,192,64,16,2,0,[197; 197; 1; 384; 192; 64; 16; 2; 0],0.01384446962038055,0.062447215034938046,tvm
197,197,1,384,192,64,12,1,0,[197; 197; 1; 384; 192; 64; 12; 1; 0],0.007107367302523926,0.12164118366607535,tvm
197,197,1,64,32,16,384,4,0,[197; 197; 1; 64; 32; 16; 384; 4; 0],0.017741415998898447,0.048730528131590546,tvm
197,197,1,384,64,64,32,32,0,[197; 197; 1; 384; 64; 64; 32; 32; 0],0.008263516880106181,0.10462235195645446,tvm
197,197,1,384,384,64,6,2,1,[197; 197; 1; 384; 384; 64; 6; 2; 1],0.0073261724901385605,0.11800821951603,tvm
197,197,1,96,96,48,192,12,0,[197; 197; 1; 96; 96; 48; 192; 12; 0],0.006997075252002105,0.12355856415595846,tvm
197,197,1,192,96,32,96,32,1,[197; 197; 1; 192; 96; 32; 96; 32; 1],0.016092448611743748,0.05372386715578211,tvm
197,197,1,192,192,48,768,48,1,[197; 197; 1; 192; 192; 48; 768; 48; 1],0.005519501442904584,0.15663526504553482,tvm
197,197,1,192,96,48,768,48,1,[197; 197; 1; 192; 96; 48; 768; 48; 1],0.006539114430779591,0.1322118737300488,tvm
197,197,1,96,48,48,1024,64,1,[197; 197; 1; 96; 48; 48; 1024; 64; 1],0.003929863407392986,0.2199945600659185,tvm
197,197,1,192,96,48,96,3,1,[197; 197; 1; 192; 96; 48; 96; 3; 1],0.005406009528087452,0.15992361222020135,tvm
197,197,1,192,16,16,32,32,0,[197; 197; 1; 192; 16; 16; 32; 32; 0],0.007170223514549434,0.12057484256582457,tvm
197,197,1,48,48,48,256,1,0,[197; 197; 1; 48; 48; 48; 256; 1; 0],0.005653586777043529,0.15292036817035928,tvm
197,197,1,256,256,256,96,6,0,[197; 197; 1; 256; 256; 256; 96; 6; 0],0.007513540389481932,0.11506540546968207,tvm
197,197,1,192,64,32,48,3,0,[197; 197; 1; 192; 64; 32; 48; 3; 0],0.012879244226496667,0.06712727518979121,tvm
197,197,1,192,64,32,48,2,0,[197; 197; 1; 192; 64; 32; 48; 2; 0],0.006463228666689247,0.13376419372013826,tvm
197,197,1,256,16,16,4,1,0,[197; 197; 1; 256; 16; 16; 4; 1; 0],0.019341343780979514,0.04469950905266354,tvm
197,197,1,192,48,48,4,1,0,[197; 197; 1; 192; 48; 48; 4; 1; 0],0.006407612003386021,0.13492523750996654,tvm
197,197,1,128,64,32,6,1,0,[197; 197; 1; 128; 64; 32; 6; 1; 0],0.00753631311818026,0.11471770849634334,tvm
197,197,1,192,48,48,64,4,0,[197; 197; 1; 192; 48; 48; 64; 4; 0],0.017739787348546088,0.048735001972807064,tvm
197,197,1,64,32,32,3,1,1,[197; 197; 1; 64; 32; 32; 3; 1; 1],0.0029861359216738492,0.2895208369965816,tvm
197,197,1,192,192,96,192,4,0,[197; 197; 1; 192; 192; 96; 192; 4; 0],0.005374646716518328,0.16085681850892372,tvm
197,197,1,192,192,24,16,16,1,[197; 197; 1; 192; 192; 24; 16; 16; 1],0.012747605971526355,0.06782046553365921,tvm
197,197,1,128,32,16,2,1,0,[197; 197; 1; 128; 32; 16; 2; 1; 0],0.013195563398767263,0.06551812494109482,tvm
197,197,1,128,128,64,256,32,0,[197; 197; 1; 128; 128; 64; 256; 32; 0],0.0034995760361198336,0.2470438025936257,tvm
197,197,1,192,192,64,192,6,1,[197; 197; 1; 192; 192; 64; 192; 6; 1],0.005944421471212991,0.1454386395068578,tvm
197,197,1,192,48,24,24,2,0,[197; 197; 1; 192; 48; 24; 24; 2; 0],0.008861953014275059,0.09755734091976505,tvm
197,197,1,128,64,64,96,24,0,[197; 197; 1; 128; 64; 64; 96; 24; 0],0.007321319542825222,0.11808644143606808,tvm
197,197,1,64,64,64,384,12,1,[197; 197; 1; 64; 64; 64; 384; 12; 1],0.010093784629134461,0.0856515770044428,tvm
197,197,1,128,32,32,24,8,1,[197; 197; 1; 128; 32; 32; 24; 8; 1],0.0055738180672051385,0.155108860928803,tvm
197,197,1,16,16,16,16,4,1,[197; 197; 1; 16; 16; 16; 16; 4; 1],0.005856837218743749,0.14761355645359922,tvm
